"nla_id","chla_pred","chla_obs","ts_pred_train","ts_pred_oob","ts_obs","oligo_prob","meso_prob","eu_prob","hyper_prob"
"NLA06608-0001",0.654617617118551,0.24,"oligo","oligo","oligo",0.961,0.024,0.015,0
"NLA06608-0002",15.5698694635864,3.84,"meso","eu","meso",0.0058,0.6412,0.2678,0.0852
"NLA06608-0003",30.8947425749471,16.96,"eu","hyper","eu",0.0016,0.0378,0.746,0.2146
"NLA06608-0004",4.47303072581413,4.6,"meso","meso","meso",0.0818,0.7526,0.1562,0.0094
"NLA06608-0005",3.27602259539099,1.205,"oligo","meso","oligo",0.6936,0.1974,0.1012,0.0078
"NLA06608-0006",3.87468794038214,4.08,"meso","meso","meso",0.0836,0.8278,0.081,0.0076
"NLA06608-0007",4.117371296827,2.432,"meso","meso","meso",0.095,0.8172,0.0758,0.012
"NLA06608-0008",18.1679443556741,30.24,"eu","eu","hyper",0.0032,0.0748,0.4198,0.5022
"NLA06608-0010",7.05917827406414,4.384,"meso","eu","meso",0.0318,0.768,0.162,0.0382
"NLA06608-0012",12.9212827918565,4.9,"eu","eu","meso",0.0084,0.6604,0.2614,0.0698
"NLA06608-0013",18.4157742876118,16.027,"eu","eu","eu",0.0038,0.0596,0.8124,0.1242
"NLA06608-0014",24.2431797947066,8.748,"eu","eu","eu",0.0142,0.149,0.6656,0.1712
"NLA06608-0015",14.3274500856331,20,"eu","eu","eu",0.0222,0.103,0.7292,0.1456
"NLA06608-0016",19.0250370519157,13,"eu","eu","eu",0.0112,0.0752,0.7804,0.1332
"NLA06608-0019",12.9956212525306,4.032,"meso","eu","meso",0.0298,0.7196,0.1432,0.1074
"NLA06608-0020",29.203891761274,20.24,"eu","eu","eu",0.001,0.0228,0.7524,0.2238
"NLA06608-0021",3.57404971118851,2.292,"meso","meso","meso",0.2718,0.6262,0.0866,0.0154
"NLA06608-0023",13.053260901074,2.776,"meso","eu","meso",0.0816,0.6364,0.1796,0.1024
"NLA06608-0024",21.4074336288314,44.151,"hyper","eu","hyper",0.0048,0.0384,0.2406,0.7162
"NLA06608-0025",8.03192732726064,1.304,"meso","eu","oligo",0.557,0.2968,0.1092,0.037
"NLA06608-0029",35.9255803448836,123.12,"hyper","hyper","hyper",0.0012,0.0334,0.0914,0.874
"NLA06608-0031",8.67631460464182,5.264,"meso","eu","meso",0.0308,0.7288,0.182,0.0584
"NLA06608-0033",3.87258726637759,8.92,"meso","meso","eu",0.1096,0.2218,0.6628,0.0058
"NLA06608-0036",9.44824419965688,5.069,"meso","eu","meso",0.0592,0.6926,0.1682,0.08
"NLA06608-0037",2.58440020566941,8.016,"meso","meso","eu",0.1752,0.3324,0.488,0.0044
"NLA06608-0038",3.1015522083538,4.328,"meso","meso","meso",0.0956,0.8656,0.0354,0.0034
"NLA06608-0041",2.81116450892539,0.884,"oligo","meso","oligo",0.7898,0.16,0.044,0.0062
"NLA06608-0042",2.25748620521605,2.208,"meso","meso","meso",0.2836,0.64,0.0732,0.0032
"NLA06608-0043",6.37827254560024,5.409,"meso","meso","meso",0.05,0.7356,0.171,0.0434
"NLA06608-0044",32.5858386869465,135.61,"hyper","hyper","hyper",0.0118,0.067,0.08,0.8412
"NLA06608-0045",15.1532048510497,20.16,"eu","eu","eu",0.0192,0.0814,0.7762,0.1232
"NLA06608-0048",34.2470245747832,54,"hyper","hyper","hyper",0.005,0.0536,0.1236,0.8178
"NLA06608-0049",1.47949702557472,1.136,"oligo","oligo","oligo",0.8388,0.091,0.068,0.0022
"NLA06608-0050",3.58984068504671,3.952,"meso","meso","meso",0.0904,0.8352,0.073,0.0014
"NLA06608-0057",15.7417464215741,125.396,"hyper","eu","hyper",0.0146,0.073,0.1974,0.715
"NLA06608-0061",10.277823990811,3.5,"meso","eu","meso",0.0468,0.689,0.2026,0.0616
"NLA06608-0062",32.573356799903,2.184,"meso","hyper","meso",0.0444,0.588,0.1776,0.19
"NLA06608-0064",6.40046665414078,19.04,"eu","meso","eu",0.1148,0.1448,0.6148,0.1256
"NLA06608-0065",3.36385447492987,0.568,"oligo","meso","oligo",0.7498,0.162,0.0846,0.0036
"NLA06608-0066",2.54251580374688,1.749,"meso","meso","oligo",0.6872,0.2722,0.0256,0.015
"NLA06608-0068",1.56628309642921,0.953,"oligo","oligo","oligo",0.8506,0.1338,0.0148,0.0008
"NLA06608-0069",21.3625592454467,7.408,"eu","eu","eu",0.0012,0.1722,0.6902,0.1364
"NLA06608-0071",55.7221722725068,198.72,"hyper","hyper","hyper",0.0004,0.0048,0.0458,0.949
"NLA06608-0072",7.31174050070809,10.128,"eu","eu","eu",0.0396,0.2116,0.697,0.0518
"NLA06608-0073",6.20615602646544,0.494,"oligo","meso","oligo",0.6878,0.1712,0.0984,0.0426
"NLA06608-0076",16.4911913774149,10.88,"eu","eu","eu",0.002,0.0938,0.7944,0.1098
"NLA06608-0077",15.8534807222309,67.968,"hyper","eu","hyper",0.0248,0.086,0.1834,0.7058
"NLA06608-0078",21.3878160789968,10.016,"eu","eu","eu",0.0182,0.146,0.68,0.1558
"NLA06608-0079",1.24924167033721,2.352,"oligo","oligo","meso",0.4082,0.5782,0.0122,0.0014
"NLA06608-0080",69.0443055216875,58.464,"hyper","hyper","hyper",0.0006,0.0042,0.0386,0.9566
"NLA06608-0081",6.3891674895572,6.664,"meso","meso","meso",0.0564,0.5358,0.3924,0.0154
"NLA06608-0083",26.8576386687581,3.744,"eu","eu","meso",0.0056,0.65,0.1888,0.1556
"NLA06608-0085",8.28664671808466,4.04,"meso","eu","meso",0.0396,0.746,0.1654,0.049
"NLA06608-0086",5.31760395175475,18.24,"eu","meso","eu",0.0476,0.1974,0.724,0.031
"NLA06608-0089",6.13459031406582,11.36,"eu","meso","eu",0.0436,0.1882,0.7354,0.0328
"NLA06608-0090",1.36389156742853,4.357,"meso","oligo","meso",0.2722,0.7086,0.019,0.0002
"NLA06608-0091",18.6380053807311,118.8,"hyper","eu","hyper",0.0028,0.062,0.2014,0.7338
"NLA06608-0099",25.8044380172767,4.6,"eu","eu","meso",0.0054,0.608,0.2046,0.182
"NLA06608-0101",3.54716044669833,0.695,"oligo","meso","oligo",0.7308,0.1974,0.0654,0.0064
"NLA06608-0102",2.31541787038074,1.2,"oligo","meso","oligo",0.7924,0.1782,0.0284,0.001
"NLA06608-0104",16.5907077824879,38.2,"eu","eu","hyper",0.0056,0.0574,0.3144,0.6226
"NLA06608-0105",3.30478304587567,5.976,"meso","meso","meso",0.1066,0.742,0.139,0.0124
"NLA06608-0107",3.99424411066127,2.315,"meso","meso","meso",0.1728,0.766,0.0418,0.0194
"NLA06608-0110",4.26391227447269,1.771,"meso","meso","oligo",0.557,0.3446,0.09,0.0084
"NLA06608-0111",13.4698513169524,3.256,"meso","eu","meso",0.0218,0.7258,0.1506,0.1018
"NLA06608-0112",36.2231757230488,84.764,"hyper","hyper","hyper",0.0006,0.0118,0.106,0.8816
"NLA06608-0113",2.6738157563978,4.688,"meso","meso","meso",0.1562,0.796,0.0432,0.0046
"NLA06608-0115",5.25757132266635,1.352,"meso","meso","oligo",0.6052,0.2844,0.0908,0.0196
"NLA06608-0116",3.40049117726584,2.816,"meso","meso","meso",0.1776,0.7338,0.0804,0.0082
"NLA06608-0120",9.4213160718058,2.54,"meso","eu","meso",0.0516,0.7188,0.1894,0.0402
"NLA06608-0124",49.5710000301628,31.586,"hyper","hyper","hyper",0.0118,0.026,0.2556,0.7066
"NLA06608-0126",17.1634715257388,228.24,"hyper","eu","hyper",0.0112,0.1122,0.1308,0.7458
"NLA06608-0127",5.12254538248758,5.92,"meso","meso","meso",0.0484,0.7378,0.194,0.0198
"NLA06608-0128",8.28537009834941,0.455,"oligo","eu","oligo",0.6822,0.132,0.1218,0.064
"NLA06608-0129",1.00008378836929,0.428,"oligo","oligo","oligo",0.9216,0.0488,0.0296,0
"NLA06608-0130",6.57496584000961,12.912,"eu","meso","eu",0.0422,0.2076,0.7014,0.0488
"NLA06608-0132",3.17538769825904,8.107,"meso","meso","eu",0.0896,0.3926,0.5164,0.0014
"NLA06608-0134",3.55001799789251,1.576,"meso","meso","oligo",0.6376,0.3036,0.052,0.0068
"NLA06608-0137",2.04781092506947,1.326,"oligo","meso","oligo",0.8178,0.1428,0.0332,0.0062
"NLA06608-0139",9.27229502316272,12.8,"eu","eu","eu",0.0044,0.1912,0.7376,0.0668
"NLA06608-0140",27.4656479007354,52.56,"hyper","eu","hyper",0.0018,0.0234,0.2,0.7748
"NLA06608-0141",48.1405857852094,110.16,"hyper","hyper","hyper",0.0008,0.023,0.0932,0.883
"NLA06608-0142",5.02056810072706,1.364,"meso","meso","oligo",0.6174,0.265,0.1072,0.0104
"NLA06608-0144",13.5539077451931,22.248,"eu","eu","eu",0.0116,0.0844,0.7662,0.1378
"NLA06608-0148",7.04121219519782,1.866,"meso","eu","oligo",0.4016,0.457,0.1076,0.0338
"NLA06608-0149",4.86829120285695,4.18,"meso","meso","meso",0.0634,0.7968,0.123,0.0168
"NLA06608-0150",4.15219552131792,8.224,"meso","meso","eu",0.0786,0.3534,0.5574,0.0106
"NLA06608-0152",9.51108881421717,5.2,"meso","eu","meso",0.0066,0.7038,0.2608,0.0288
"NLA06608-0153",6.97122742601583,10.4,"eu","meso","eu",0.033,0.218,0.7152,0.0338
"NLA06608-0155",16.5206702901164,79.8,"hyper","eu","hyper",0.0044,0.1056,0.1854,0.7046
"NLA06608-0158",4.71502756939173,3.136,"meso","meso","meso",0.0828,0.7984,0.1112,0.0076
"NLA06608-0161",46.4899264264248,39,"hyper","hyper","hyper",0.0004,0.0132,0.1732,0.8132
"NLA06608-0162",4.04144736207882,2.56,"meso","meso","meso",0.1048,0.811,0.0774,0.0068
"NLA06608-0167",8.9328568278241,936,"hyper","eu","hyper",0.0264,0.1448,0.1256,0.7032
"NLA06608-0168",18.5124708739467,21.76,"eu","eu","eu",0.012,0.0758,0.693,0.2192
"NLA06608-0169",2.16980159522034,2.592,"meso","meso","meso",0.2284,0.7322,0.0386,0.0008
"NLA06608-0170",6.19320341581895,1.435,"meso","meso","oligo",0.559,0.3028,0.128,0.0102
"NLA06608-0173",20.2810040559305,70.4,"hyper","eu","hyper",0.0202,0.065,0.1834,0.7314
"NLA06608-0174",6.6469642838322,6.752,"meso","meso","meso",0.0308,0.7208,0.2132,0.0352
"NLA06608-0175",24.2627851386509,19.68,"eu","eu","eu",0.0048,0.0796,0.6724,0.2432
"NLA06608-0176",54.5645405758429,25.76,"hyper","hyper","eu",0,0.0102,0.5166,0.4732
"NLA06608-0177",1.87846416372443,3.576,"meso","oligo","meso",0.2344,0.7334,0.0296,0.0026
"NLA06608-0179",31.2016771502559,18.4,"eu","hyper","eu",0.0094,0.0788,0.6596,0.2522
"NLA06608-0180",13.5877138627084,30.615,"eu","eu","hyper",0.0236,0.056,0.483,0.4374
"NLA06608-0181",1.37231029820184,1.381,"oligo","oligo","oligo",0.8644,0.1146,0.0196,0.0014
"NLA06608-0183",5.14420056133779,30.096,"eu","meso","hyper",0.0246,0.2376,0.4038,0.334
"NLA06608-0184",19.753966094821,40.752,"hyper","eu","hyper",0.006,0.0762,0.1974,0.7204
"NLA06608-0185",6.86678800294473,3.128,"meso","meso","meso",0.0418,0.7888,0.1446,0.0248
"NLA06608-0189",4.10687003861911,32.256,"eu","meso","hyper",0.1188,0.165,0.2858,0.4304
"NLA06608-0190",3.64146192320721,5.168,"meso","meso","meso",0.0794,0.82,0.1,0.0006
"NLA06608-0191",2.1273648674374,1.129,"oligo","meso","oligo",0.8204,0.1396,0.0346,0.0054
"NLA06608-0193",2.03590005598038,0.302,"oligo","meso","oligo",0.819,0.1098,0.0676,0.0036
"NLA06608-0195",34.8529733491993,15.552,"eu","hyper","eu",0.0058,0.076,0.6572,0.261
"NLA06608-0196",34.9124364365209,31.4,"hyper","hyper","hyper",0.001,0.0322,0.1988,0.768
"NLA06608-0198",13.308393539777,10.672,"eu","eu","eu",0.0134,0.1116,0.7756,0.0994
"NLA06608-0201",0.986157145856321,0.797,"oligo","oligo","oligo",0.8928,0.0824,0.0206,0.0042
"NLA06608-0203",11.0307423279915,0.772,"meso","eu","oligo",0.5804,0.1804,0.184,0.0552
"NLA06608-0204",24.7751562277839,68.85,"hyper","eu","hyper",0.0114,0.039,0.1718,0.7778
"NLA06608-0207",7.55307483196754,6.518,"meso","eu","meso",0.0316,0.7022,0.205,0.0612
"NLA06608-0208",50.0218059412254,65.6,"hyper","hyper","hyper",0.0028,0.0188,0.074,0.9044
"NLA06608-0209",3.92625668814906,2.408,"meso","meso","meso",0.1864,0.6678,0.133,0.0128
"NLA06608-0211",7.08038442823587,9.067,"eu","eu","eu",0.033,0.2564,0.6656,0.045
"NLA06608-0212",3.18819275163069,4.36,"meso","meso","meso",0.1734,0.7306,0.0796,0.0164
"NLA06608-0215",13.9063586441967,58.464,"hyper","eu","hyper",0.007,0.0982,0.2504,0.6444
"NLA06608-0216",42.8535709513227,19.2,"eu","hyper","eu",0.0008,0.0364,0.6792,0.2836
"NLA06608-0217",13.369421538576,17.6,"eu","eu","eu",0.0256,0.1154,0.7214,0.1376
"NLA06608-0219",7.69543587409334,55.584,"eu","eu","hyper",0.0124,0.1728,0.1936,0.6212
"NLA06608-0220",45.3304019661746,871.2,"hyper","hyper","hyper",0.005,0.019,0.0888,0.8872
"NLA06608-0221",13.8967632882151,31.68,"eu","eu","hyper",0.0042,0.0876,0.4592,0.449
"NLA06608-0222",12.0351998826451,38.736,"eu","eu","hyper",0.0178,0.1408,0.263,0.5784
"NLA06608-0223",15.2528418637997,21.92,"eu","eu","eu",0.0258,0.1236,0.6278,0.2228
"NLA06608-0224",7.49127939986136,1.883,"meso","eu","oligo",0.483,0.3466,0.0964,0.074
"NLA06608-0225",2.14899540683531,0.876,"oligo","meso","oligo",0.7768,0.1792,0.036,0.008
"NLA06608-0226",3.92569388211418,5.888,"meso","meso","meso",0.0714,0.7784,0.1412,0.009
"NLA06608-0228",15.800999894492,1.429,"meso","eu","oligo",0.4874,0.2174,0.1772,0.118
"NLA06608-0229",2.1000899729579,3.6,"meso","meso","meso",0.1896,0.7656,0.0438,0.001
"NLA06608-0234",5.92339790671192,4.776,"meso","meso","meso",0.0444,0.789,0.153,0.0136
"NLA06608-0235",8.76638243018123,7.8,"eu","eu","eu",0.0042,0.3326,0.6236,0.0396
"NLA06608-0237",12.2976846356555,1.858,"meso","eu","oligo",0.437,0.272,0.239,0.052
"NLA06608-0238",6.57803920358278,2.976,"meso","meso","meso",0.0712,0.7424,0.1618,0.0246
"NLA06608-0239",21.6087417985059,2.659,"meso","eu","meso",0.0196,0.6226,0.221,0.1368
"NLA06608-0240",11.8090287330386,2.104,"meso","eu","meso",0.185,0.564,0.1374,0.1136
"NLA06608-0241",4.58017018113525,9.744,"eu","meso","eu",0.1014,0.2262,0.6442,0.0282
"NLA06608-0242",5.70961202450516,2.872,"meso","meso","meso",0.0456,0.8248,0.1208,0.0088
"NLA06608-0244",8.68518596853285,6,"eu","eu","meso",0.026,0.6422,0.298,0.0338
"NLA06608-0245",3.56379806976439,2.656,"meso","meso","meso",0.227,0.6582,0.0896,0.0252
"NLA06608-0247",59.7968808012225,55.8,"hyper","hyper","hyper",0.0032,0.0264,0.0656,0.9048
"NLA06608-0253",26.2239120562294,32.544,"eu","eu","hyper",0.0018,0.0216,0.4408,0.5358
"NLA06608-0254",18.8097477813298,49.6,"hyper","eu","hyper",0.0076,0.0878,0.1882,0.7164
"NLA06608-0255",6.33642086927194,2.438,"meso","meso","meso",0.128,0.7302,0.0916,0.0502
"NLA06608-0257",0.849022914403746,1.147,"oligo","oligo","oligo",0.9016,0.0764,0.0214,0.0006
"NLA06608-0259",16.7149853510082,48.24,"hyper","eu","hyper",0.0018,0.1174,0.2268,0.654
"NLA06608-0260",1.85308825513186,1.273,"oligo","oligo","oligo",0.8522,0.1178,0.0278,0.0022
"NLA06608-0268",10.2096374374613,7.7,"eu","eu","eu",0.0026,0.2034,0.764,0.03
"NLA06608-0271",46.2331828451965,30.04,"hyper","hyper","hyper",0.0004,0.0238,0.3242,0.6516
"NLA06608-0275",14.3155748029916,6.72,"eu","eu","meso",0.0052,0.5628,0.3276,0.1044
"NLA06608-0276",1.86273317509769,1.978,"oligo","oligo","oligo",0.5912,0.3706,0.035,0.0032
"NLA06608-0277",7.32750340727623,12.928,"eu","eu","eu",0.041,0.173,0.7452,0.0408
"NLA06608-0279",47.1834219378071,126.267,"hyper","hyper","hyper",0.0014,0.0208,0.0984,0.8794
"NLA06608-0280",30.1918456358602,20.952,"eu","hyper","eu",0.0018,0.03,0.7428,0.2254
"NLA06608-0281",10.8749597952928,25.097,"eu","eu","eu",0.0336,0.1014,0.7118,0.1532
"NLA06608-0283",25.3955500994018,9.86,"eu","eu","eu",0.0012,0.0336,0.8264,0.1388
"NLA06608-0284",34.5442307448556,20.8,"eu","hyper","eu",0.0018,0.0274,0.7024,0.2684
"NLA06608-0285",51.099103256099,35.28,"hyper","hyper","hyper",0.0004,0.014,0.1254,0.8602
"NLA06608-0286",3.02057749703394,2.224,"meso","meso","meso",0.2276,0.7256,0.0438,0.003
"NLA06608-0290",4.04869972402525,4.304,"meso","meso","meso",0.1118,0.7478,0.1258,0.0146
"NLA06608-0291",17.9457680040305,3.624,"eu","eu","meso",0.0142,0.6368,0.223,0.126
"NLA06608-0293",6.86834298128797,21.888,"eu","meso","eu",0.0232,0.1842,0.738,0.0546
"NLA06608-0294",5.18765554002762,2.336,"meso","meso","meso",0.124,0.7658,0.0856,0.0246
"NLA06608-0295",76.1972379510995,5.733,"eu","hyper","meso",0.003,0.4694,0.2288,0.2988
"NLA06608-0297",15.7460718578574,14.133,"eu","eu","eu",0.0128,0.0696,0.817,0.1006
"NLA06608-0299",6.33067895559211,3.776,"meso","meso","meso",0.03,0.8254,0.1,0.0446
"NLA06608-0302",28.3291332107807,203.76,"hyper","eu","hyper",0.0074,0.0722,0.1198,0.8006
"NLA06608-0303",31.8346166506574,84.24,"hyper","hyper","hyper",0.0008,0.025,0.1316,0.8426
"NLA06608-0312",17.9141697951919,19.2,"eu","eu","eu",0.0052,0.07,0.7828,0.142
"NLA06608-0313",15.6988732316078,15.08,"eu","eu","eu",0.0084,0.0834,0.813,0.0952
"NLA06608-0318",5.41705385476559,13.888,"eu","meso","eu",0.0334,0.2268,0.727,0.0128
"NLA06608-0319",6.51086267731334,4.48,"meso","meso","meso",0.0284,0.8008,0.1446,0.0262
"NLA06608-0324",4.15559087016408,4.816,"meso","meso","meso",0.0738,0.811,0.0996,0.0156
"NLA06608-0325",22.2953648061543,46,"hyper","eu","hyper",0.001,0.0514,0.2382,0.7094
"NLA06608-0326",10.6191664002172,1.262,"meso","eu","oligo",0.5688,0.204,0.1738,0.0534
"NLA06608-0327",52.6541665481131,56.736,"hyper","hyper","hyper",0.0012,0.0126,0.075,0.9112
"NLA06608-0328",29.1889612983568,117.504,"hyper","eu","hyper",0.0022,0.0188,0.1534,0.8256
"NLA06608-0330",6.99540088326326,1.104,"meso","meso","oligo",0.6412,0.1938,0.1292,0.0358
"NLA06608-0332",5.98678698481768,6.444,"meso","meso","meso",0.0714,0.5566,0.3528,0.0192
"NLA06608-0333",13.3331896600565,5.04,"eu","eu","meso",0.0124,0.68,0.2004,0.1072
"NLA06608-0334",14.9850894468115,5.88,"eu","eu","meso",0.0146,0.6338,0.2414,0.1102
"NLA06608-0337",4.78025400072917,7.84,"meso","meso","eu",0.0836,0.2914,0.6112,0.0138
"NLA06608-0339",11.7122401729228,7.44,"eu","eu","eu",0.01,0.34,0.5724,0.0776
"NLA06608-0340",2.60921723238981,9.904,"meso","meso","eu",0.1226,0.355,0.5188,0.0036
"NLA06608-0341",4.57662754988045,5.28,"meso","meso","meso",0.1268,0.6786,0.168,0.0266
"NLA06608-0343",29.993221132209,45.36,"hyper","eu","hyper",0.006,0.0458,0.2196,0.7286
"NLA06608-0344",23.4034548500601,24.8,"eu","eu","eu",0.0018,0.0554,0.6966,0.2462
"NLA06608-0345",8.39483617706142,6.048,"meso","eu","meso",0.0458,0.6428,0.2622,0.0492
"NLA06608-0350",8.41920952773136,17.44,"eu","eu","eu",0.0348,0.1556,0.7304,0.0792
"NLA06608-0354",3.00608313212394,2.088,"meso","meso","meso",0.294,0.67,0.0346,0.0014
"NLA06608-0356",5.17262025515487,110.7,"hyper","meso","hyper",0.122,0.1326,0.089,0.6564
"NLA06608-0357",2.45378953823708,5.616,"meso","meso","meso",0.1676,0.7478,0.0838,0.0008
"NLA06608-0358",2.27153861120551,3.687,"meso","meso","meso",0.1824,0.7824,0.0348,0.0004
"NLA06608-0359",19.0270470165362,42.655,"eu","eu","hyper",0.0006,0.0968,0.2444,0.6582
"NLA06608-0361",14.0266637418631,11.856,"eu","eu","eu",0.012,0.0798,0.8202,0.088
"NLA06608-0363",9.55306097149914,11.68,"eu","eu","eu",0.0162,0.1554,0.7578,0.0706
"NLA06608-0366",5.30648586599156,7.568,"meso","meso","eu",0.0526,0.354,0.577,0.0164
"NLA06608-0367",7.81312646073267,59.4,"eu","eu","hyper",0.0268,0.1704,0.1662,0.6366
"NLA06608-0369",2.90367833147391,1.744,"meso","meso","oligo",0.6168,0.3606,0.022,0.0006
"NLA06608-0372",6.16725979420727,3.16,"meso","meso","meso",0.0694,0.7744,0.1182,0.038
"NLA06608-0373",2.58740695374508,0.68,"oligo","meso","oligo",0.8124,0.1014,0.056,0.0302
"NLA06608-0376",9.83800999902341,4.245,"meso","eu","meso",0.015,0.6714,0.2872,0.0264
"NLA06608-0377",12.8757183696614,44.928,"eu","eu","hyper",0.021,0.1252,0.2038,0.65
"NLA06608-0378",2.46213654245069,0.548,"oligo","meso","oligo",0.8012,0.1342,0.0502,0.0144
"NLA06608-0384",13.7247267524613,3.387,"meso","eu","meso",0.0462,0.6798,0.171,0.103
"NLA06608-0385",2.82695744134421,2.312,"meso","meso","meso",0.235,0.697,0.0606,0.0074
"NLA06608-0386",2.02831777204021,0.832,"oligo","meso","oligo",0.8144,0.1574,0.0246,0.0036
"NLA06608-0388",2.45795317589925,0.33,"oligo","meso","oligo",0.8244,0.1362,0.03,0.0094
"NLA06608-0393",3.95099605603948,1.239,"oligo","meso","oligo",0.727,0.1596,0.0802,0.0332
"NLA06608-0395",16.617071245461,30.4,"eu","eu","hyper",0.006,0.0312,0.5876,0.3752
"NLA06608-0399",7.56041183599736,3.352,"meso","eu","meso",0.0208,0.7818,0.1824,0.015
"NLA06608-0401",3.24711866420339,16.16,"eu","meso","eu",0.1392,0.1574,0.6764,0.027
"NLA06608-0402",4.9839438667763,73.728,"eu","meso","hyper",0.0958,0.1002,0.2522,0.5518
"NLA06608-0403",7.00788841047629,5.36,"meso","eu","meso",0.0454,0.6654,0.2562,0.033
"NLA06608-0405",2.79026613869804,8.56,"meso","meso","eu",0.1402,0.3594,0.4954,0.005
"NLA06608-0406",1.19560692005926,1.232,"oligo","oligo","oligo",0.8876,0.0788,0.0328,0.0008
"NLA06608-0407",36.9389143112324,1.813,"meso","hyper","oligo",0.3306,0.3298,0.1314,0.2082
"NLA06608-0408",10.108209855881,5.667,"eu","eu","meso",0.0126,0.6708,0.2744,0.0422
"NLA06608-0413",21.9363438132322,108.576,"hyper","eu","hyper",0.0084,0.061,0.1546,0.776
"NLA06608-0414",4.58608654356967,6.688,"meso","meso","meso",0.0608,0.634,0.297,0.0082
"NLA06608-0418",3.5603640157197,2.184,"meso","meso","meso",0.171,0.7782,0.048,0.0028
"NLA06608-0421",7.39090887412519,2.184,"meso","eu","meso",0.0882,0.7284,0.167,0.0164
"NLA06608-0425",5.31411347405774,16.16,"eu","meso","eu",0.061,0.204,0.7002,0.0348
"NLA06608-0426",4.14414074977362,3.12,"meso","meso","meso",0.068,0.8468,0.0776,0.0076
"NLA06608-0432",21.9389376883475,24.8,"eu","eu","eu",0.0034,0.0684,0.7046,0.2236
"NLA06608-0435",4.45052614537389,23.2,"eu","meso","eu",0.0538,0.2148,0.711,0.0204
"NLA06608-0436",10.7400205021578,18.216,"eu","eu","eu",0.0148,0.15,0.7534,0.0818
"NLA06608-0440",23.5679112091805,5.46,"eu","eu","meso",0.0032,0.5078,0.3528,0.1362
"NLA06608-0442",25.8620664338829,4.496,"eu","eu","meso",0.0032,0.6632,0.1686,0.165
"NLA06608-0444",30.0315443683605,10.272,"eu","hyper","eu",0.002,0.0758,0.7212,0.201
"NLA06608-0445",8.13200677690607,6.848,"eu","eu","meso",0.0208,0.6066,0.3204,0.0522
"NLA06608-0447",3.36841510604316,1.205,"oligo","meso","oligo",0.7112,0.2186,0.0532,0.017
"NLA06608-0449",2.56016666841394,4.391,"meso","meso","meso",0.1876,0.6726,0.1374,0.0024
"NLA06608-0452",11.0556273299445,7.246,"eu","eu","eu",0.0512,0.3182,0.5096,0.121
"NLA06608-0453",32.2771596675704,4.314,"eu","hyper","meso",0.0046,0.5842,0.212,0.1992
"NLA06608-0454",5.32476198912057,3.2,"meso","meso","meso",0.0764,0.7678,0.1482,0.0076
"NLA06608-0456",18.0622958603463,25.098,"eu","eu","eu",0.003,0.0614,0.7412,0.1944
"NLA06608-0458",26.1203383373121,15.056,"eu","eu","eu",0.0012,0.0598,0.7716,0.1674
"NLA06608-0459",12.9963494140577,3.984,"meso","eu","meso",0.0146,0.7128,0.1736,0.099
"NLA06608-0463",11.1061974545026,30.72,"eu","eu","hyper",0.0126,0.0856,0.5224,0.3794
"NLA06608-0467",17.4560406268142,12.72,"eu","eu","eu",0.0042,0.1152,0.7574,0.1232
"NLA06608-0468",2.2306307842134,0.643,"oligo","meso","oligo",0.7716,0.2088,0.0194,0.0002
"NLA06608-0469",4.81100149039887,3.352,"meso","meso","meso",0.0838,0.7864,0.1136,0.0162
"NLA06608-0470",2.49157869346897,1.512,"oligo","meso","oligo",0.765,0.2046,0.0284,0.002
"NLA06608-0471",24.0320004556134,5.52,"eu","eu","meso",0.0056,0.6082,0.2108,0.1754
"NLA06608-0472",10.5474721885856,19.2,"eu","eu","eu",0.0178,0.138,0.7498,0.0944
"NLA06608-0473",9.5064198994853,36.823,"eu","eu","hyper",0.0332,0.0966,0.375,0.4952
"NLA06608-0479",15.588458626104,5.296,"eu","eu","meso",0.0424,0.6202,0.185,0.1524
"NLA06608-0480",4.40084972793739,1.52,"meso","meso","oligo",0.6216,0.2712,0.0956,0.0116
"NLA06608-0483",6.02978790223284,3.84,"meso","meso","meso",0.0874,0.7248,0.1536,0.0342
"NLA06608-0484",21.8005723838117,126.4,"hyper","eu","hyper",0.0056,0.0456,0.18,0.7688
"NLA06608-0488",16.5014148483594,49.68,"hyper","eu","hyper",0.0104,0.055,0.2476,0.687
"NLA06608-0489",12.7902326669545,24.32,"eu","eu","eu",0.0078,0.1428,0.662,0.1874
"NLA06608-0491",12.38368564736,7.2,"eu","eu","eu",0.0062,0.3218,0.583,0.089
"NLA06608-0493",15.5640154538855,9.472,"eu","eu","eu",0.0052,0.1548,0.74,0.1
"NLA06608-0494",5.35050797909049,24.64,"eu","meso","eu",0.0526,0.1896,0.7244,0.0334
"NLA06608-0495",1.89502291007766,1.774,"oligo","oligo","oligo",0.7466,0.2192,0.034,0.0002
"NLA06608-0496",4.86160942308586,0.694,"oligo","meso","oligo",0.7286,0.1398,0.0876,0.044
"NLA06608-0497",10.2492365371471,0.858,"meso","eu","oligo",0.6234,0.1826,0.106,0.088
"NLA06608-0498",4.13549558630927,26.424,"eu","meso","eu",0.0416,0.277,0.6618,0.0196
"NLA06608-0500",9.01106524420023,13.12,"eu","eu","eu",0.0238,0.1412,0.7906,0.0444
"NLA06608-0501",2.74536481305747,0.634,"oligo","meso","oligo",0.7994,0.1198,0.0594,0.0214
"NLA06608-0502",7.02941903147093,2.28,"meso","eu","meso",0.085,0.7366,0.1446,0.0338
"NLA06608-0503",65.6528715048676,244.8,"hyper","hyper","hyper",0.0052,0.0202,0.0572,0.9174
"NLA06608-0509",4.46963927472091,1.232,"meso","meso","oligo",0.658,0.2382,0.0752,0.0286
"NLA06608-0510",32.9999984322078,71.2,"hyper","hyper","hyper",0.0012,0.0388,0.1834,0.7766
"NLA06608-0511",2.18674617371452,2.352,"meso","meso","meso",0.2652,0.681,0.05,0.0038
"NLA06608-0512",15.1187695902029,11.84,"eu","eu","eu",0.0134,0.1522,0.7014,0.133
"NLA06608-0514",2.9098148183715,3.856,"meso","meso","meso",0.17,0.7666,0.0528,0.0106
"NLA06608-0515",9.20530373392778,5.92,"eu","eu","meso",0.0184,0.6928,0.2256,0.0632
"NLA06608-0523",50.0730323644452,48.6,"hyper","hyper","hyper",0.0004,0.0272,0.0888,0.8836
"NLA06608-0526",4.34419970343796,11.008,"eu","meso","eu",0.0374,0.2876,0.6716,0.0034
"NLA06608-0528",28.3376651166822,11.792,"eu","eu","eu",0.007,0.063,0.7592,0.1708
"NLA06608-0529",10.3645221933541,26.08,"eu","eu","eu",0.0332,0.1474,0.6188,0.2006
"NLA06608-0530",14.1650439740143,17.76,"eu","eu","eu",0.0188,0.1098,0.7364,0.135
"NLA06608-0531",18.6341397788437,3.813,"eu","eu","meso",0.0028,0.6786,0.195,0.1236
"NLA06608-0533",5.06609262134687,3.18,"meso","meso","meso",0.0614,0.8168,0.1018,0.02
"NLA06608-0537",4.57888731810906,2.335,"meso","meso","meso",0.0952,0.7944,0.0942,0.0162
"NLA06608-0540",30.071592546059,95.04,"hyper","hyper","hyper",0.0068,0.0422,0.1312,0.8198
"NLA06608-0541",24.5617822622818,6.016,"eu","eu","meso",0.0052,0.5526,0.2742,0.168
"NLA06608-0542",4.91196615857943,3.184,"meso","meso","meso",0.0786,0.7998,0.107,0.0146
"NLA06608-0546",3.50955163719037,14.944,"eu","meso","eu",0.0892,0.2482,0.6508,0.0118
"NLA06608-0547",6.65966959877861,2.107,"meso","meso","meso",0.1514,0.6832,0.1382,0.0272
"NLA06608-0550",3.24124381274607,1.312,"oligo","meso","oligo",0.725,0.2098,0.0606,0.0046
"NLA06608-0551",20.599586543581,16.8,"eu","eu","eu",0.02,0.0784,0.7054,0.1962
"NLA06608-0555",4.06200558695789,5.653,"meso","meso","meso",0.0478,0.8306,0.1104,0.0112
"NLA06608-0558",4.41320916953109,7.216,"meso","meso","eu",0.0736,0.457,0.4514,0.018
"NLA06608-0560",10.6443766424541,12.96,"eu","eu","eu",0.0356,0.1274,0.7718,0.0652
"NLA06608-0561",1.62152660156399,0.139,"oligo","oligo","oligo",0.8572,0.1078,0.0326,0.0024
"NLA06608-0562",5.69853263478442,2.08,"meso","meso","meso",0.1716,0.6778,0.1438,0.0068
"NLA06608-0564",2.3658675342731,6.648,"meso","meso","meso",0.1732,0.6658,0.154,0.007
"NLA06608-0565",8.77693677167403,40.896,"eu","eu","hyper",0.0584,0.1132,0.237,0.5914
"NLA06608-0569",6.64681210551335,54,"eu","meso","hyper",0.024,0.205,0.2208,0.5502
"NLA06608-0570",4.12345949346547,3.488,"meso","meso","meso",0.161,0.7074,0.0798,0.0518
"NLA06608-0579",21.5718738567382,7.136,"eu","eu","eu",0.0046,0.2618,0.5886,0.145
"NLA06608-0580",2.07305651646854,1.816,"oligo","meso","oligo",0.743,0.208,0.034,0.015
"NLA06608-0581",5.90186971652713,1.928,"meso","meso","oligo",0.4508,0.4022,0.1204,0.0266
"NLA06608-0582",8.06692628743593,15.696,"eu","eu","eu",0.0316,0.1466,0.7734,0.0484
"NLA06608-0585",14.5966241406545,2.528,"meso","eu","meso",0.1748,0.5498,0.1302,0.1452
"NLA06608-0587",10.5949759378301,15.28,"eu","eu","eu",0.016,0.1416,0.7672,0.0752
"NLA06608-0588",22.2221319772744,7.467,"eu","eu","eu",0.0064,0.21,0.6298,0.1538
"NLA06608-0591",5.36146830782579,5.808,"meso","meso","meso",0.0706,0.6702,0.2444,0.0148
"NLA06608-0593",4.19446848134886,10.688,"eu","meso","eu",0.1058,0.1894,0.6714,0.0334
"NLA06608-0594",35.8734389503513,20.64,"eu","hyper","eu",0.0014,0.0222,0.706,0.2704
"NLA06608-0595",22.9777318328042,106.56,"hyper","eu","hyper",0.0078,0.0868,0.133,0.7724
"NLA06608-0596",3.21451929233506,0.986,"oligo","meso","oligo",0.7114,0.218,0.0684,0.0022
"NLA06608-0597",11.9998735305569,7.8,"eu","eu","eu",0.033,0.2542,0.61,0.1028
"NLA06608-0599",19.7301144455019,50.256,"hyper","eu","hyper",0.0034,0.0388,0.2644,0.6934
"NLA06608-0606",4.09873680236121,5.824,"meso","meso","meso",0.0524,0.7916,0.1514,0.0046
"NLA06608-0608",49.7364995561832,102.6,"hyper","hyper","hyper",0.001,0.0104,0.0644,0.9242
"NLA06608-0609",30.1843011351001,187.92,"hyper","hyper","hyper",0.0022,0.0218,0.1524,0.8236
"NLA06608-0610",4.31035902585845,5.808,"meso","meso","meso",0.0788,0.7256,0.189,0.0066
"NLA06608-0611",14.864256354999,20.64,"eu","eu","eu",0.0034,0.1522,0.661,0.1834
"NLA06608-0614",2.97763846132845,1.216,"oligo","meso","oligo",0.7524,0.1626,0.0746,0.0104
"NLA06608-0616",13.3255666330212,1.692,"meso","eu","oligo",0.43,0.3068,0.1644,0.0988
"NLA06608-0617",3.6710360395706,2.443,"meso","meso","meso",0.1136,0.7972,0.0876,0.0016
"NLA06608-0618",20.5923482605258,10.173,"eu","eu","eu",0.0022,0.0414,0.8584,0.098
"NLA06608-0619",5.67736732212517,2.952,"meso","meso","meso",0.0342,0.8468,0.0878,0.0312
"NLA06608-0622",9.45274677853888,4.4,"meso","eu","meso",0.0162,0.7998,0.1236,0.0604
"NLA06608-0623",7.34551076847289,23.2,"eu","eu","eu",0.028,0.1714,0.7168,0.0838
"NLA06608-0624",30.6981291541721,35.2,"hyper","hyper","hyper",0.0018,0.0258,0.2232,0.7492
"NLA06608-0625",1.25366151081623,0.615,"oligo","oligo","oligo",0.9034,0.0632,0.0322,0.0012
"NLA06608-0627",4.38365649384192,3.192,"meso","meso","meso",0.063,0.8458,0.0826,0.0086
"NLA06608-0628",3.51041600848436,2.304,"meso","meso","meso",0.2204,0.7036,0.0446,0.0314
"NLA06608-0630",4.80025457840306,2.616,"meso","meso","meso",0.0664,0.809,0.1236,0.001
"NLA06608-0632",19.462454547055,34,"eu","eu","hyper",0.0032,0.0532,0.3272,0.6164
"NLA06608-0634",17.8849349430997,139.68,"hyper","eu","hyper",0.0094,0.0988,0.128,0.7638
"NLA06608-0635",17.4091918745511,5.147,"eu","eu","meso",0.0366,0.6906,0.1314,0.1414
"NLA06608-0637",1.51711971236344,7.408,"meso","oligo","eu",0.2566,0.3116,0.4316,0.0002
"NLA06608-0641",1.06993830638251,25.44,"meso","oligo","eu",0.2616,0.1232,0.6138,0.0014
"NLA06608-0648",99.4651385206705,78.286,"hyper","hyper","hyper",0.0072,0.0186,0.055,0.9192
"NLA06608-0649",1.42268121585293,3.64,"meso","oligo","meso",0.3192,0.6332,0.0412,0.0064
"NLA06608-0650",2.66477462230622,6.896,"meso","meso","meso",0.1894,0.5336,0.2456,0.0314
"NLA06608-0651",9.83130193071741,12.96,"eu","eu","eu",0.023,0.1458,0.7582,0.073
"NLA06608-0654",3.50015229066531,9.152,"meso","meso","eu",0.0978,0.3112,0.5878,0.0032
"NLA06608-0657",2.28192835506461,12.48,"meso","meso","eu",0.1772,0.2348,0.5864,0.0016
"NLA06608-0658",5.4616543993436,1.116,"meso","meso","oligo",0.68,0.157,0.1388,0.0242
"NLA06608-0659",31.9256254824613,24.144,"eu","hyper","eu",0.002,0.048,0.6582,0.2918
"NLA06608-0660",14.3119576681631,2.904,"meso","eu","meso",0.0498,0.7036,0.1232,0.1234
"NLA06608-0661",6.45786546041226,25.92,"eu","meso","eu",0.0278,0.206,0.6532,0.113
"NLA06608-0662",2.13959523482988,2.968,"meso","meso","meso",0.2194,0.7668,0.0132,0.0006
"NLA06608-0663",38.8564035640566,273.6,"hyper","hyper","hyper",0.0078,0.0526,0.0884,0.8512
"NLA06608-0665",13.6600788410758,2.496,"meso","eu","meso",0.027,0.683,0.2252,0.0648
"NLA06608-0671",2.13778205267238,1.115,"oligo","meso","oligo",0.796,0.1802,0.023,0.0008
"NLA06608-0672",49.8854537759885,63.36,"hyper","hyper","hyper",0.0014,0.0192,0.0862,0.8932
"NLA06608-0674",2.36413885322149,1.024,"oligo","meso","oligo",0.7896,0.193,0.0172,0.0002
"NLA06608-0678",1.30846218505226,8.267,"meso","oligo","eu",0.2596,0.2274,0.5112,0.0018
"NLA06608-0679",9.64126514971998,12.112,"eu","eu","eu",0.0292,0.1742,0.7266,0.07
"NLA06608-0681",3.25500529278826,3.435,"meso","meso","meso",0.1736,0.733,0.0666,0.0268
"NLA06608-0686",13.9112317718579,4.208,"meso","eu","meso",0.0198,0.75,0.1308,0.0994
"NLA06608-0687",2.97937089229252,2.28,"meso","meso","meso",0.2612,0.6422,0.0894,0.0072
"NLA06608-0690",4.93560871573138,4.608,"meso","meso","meso",0.0294,0.8454,0.121,0.0042
"NLA06608-0692",31.9262422287076,13.76,"eu","hyper","eu",0.0134,0.0582,0.691,0.2374
"NLA06608-0693",3.30255410291091,1.464,"meso","meso","oligo",0.703,0.1876,0.0992,0.0102
"NLA06608-0696",17.3620826213674,32.616,"eu","eu","hyper",0.0022,0.0644,0.3784,0.555
"NLA06608-0707",14.8405720654704,5.6,"eu","eu","meso",0.0102,0.6466,0.2358,0.1074
"NLA06608-0709",32.7653490233274,98.462,"hyper","hyper","hyper",0.0002,0.0228,0.144,0.833
"NLA06608-0710",16.8355379305696,7.44,"eu","eu","eu",0.0198,0.2268,0.6282,0.1252
"NLA06608-0711",32.5312565720125,16.32,"eu","hyper","eu",0.0022,0.023,0.7528,0.222
"NLA06608-0712",10.7929966597539,3.056,"meso","eu","meso",0.0324,0.6948,0.222,0.0508
"NLA06608-0713",2.36245324021927,1.652,"oligo","meso","oligo",0.6946,0.237,0.0626,0.0058
"NLA06608-0715",1.42001044085026,3.545,"meso","oligo","meso",0.2618,0.6882,0.0498,0.0002
"NLA06608-0717",28.7087547202977,216,"hyper","eu","hyper",0.0036,0.0468,0.1162,0.8334
"NLA06608-0718",16.8760125012712,2.64,"meso","eu","meso",0.0788,0.6294,0.1728,0.119
"NLA06608-0720",19.733626571113,19.2,"eu","eu","eu",0.0046,0.0376,0.8134,0.1444
"NLA06608-0721",2.41948109581843,7.104,"meso","meso","eu",0.1846,0.3726,0.4404,0.0024
"NLA06608-0723",50.8491661833846,5.646,"eu","hyper","meso",0.0044,0.4796,0.2352,0.2808
"NLA06608-0724",13.1615072933197,2.968,"meso","eu","meso",0.0444,0.6996,0.1346,0.1214
"NLA06608-0726",4.60307412242966,1.504,"meso","meso","oligo",0.6,0.3058,0.0898,0.0044
"NLA06608-0727",20.9350975167976,130.4,"hyper","eu","hyper",0.01,0.1124,0.1268,0.7508
"NLA06608-0731",12.4771938897125,2.88,"meso","eu","meso",0.0248,0.7208,0.1474,0.107
"NLA06608-0733",11.1209651388594,2.847,"meso","eu","meso",0.058,0.5972,0.3012,0.0436
"NLA06608-0734",5.49800126597516,3.152,"meso","meso","meso",0.0474,0.8034,0.141,0.0082
"NLA06608-0738",2.38215707652179,1.696,"oligo","meso","oligo",0.7466,0.2258,0.0274,0.0002
"NLA06608-0743",9.79093949308088,6.032,"eu","eu","meso",0.0196,0.6978,0.2172,0.0654
"NLA06608-0744",21.9741935493677,97.488,"hyper","eu","hyper",0.0028,0.0454,0.1826,0.7692
"NLA06608-0749",20.5160170324746,13.744,"eu","eu","eu",0.0076,0.065,0.7924,0.135
"NLA06608-0751",4.42325347259651,3.616,"meso","meso","meso",0.1236,0.7426,0.1202,0.0136
"NLA06608-0753",7.96803036524457,8.8,"eu","eu","eu",0.0326,0.2244,0.7044,0.0386
"NLA06608-0754",3.8657724931719,1.152,"oligo","meso","oligo",0.6714,0.2488,0.0748,0.005
"NLA06608-0755",14.0233085814454,114.6,"hyper","eu","hyper",0.0078,0.1118,0.1878,0.6926
"NLA06608-0756",13.2332637589017,10.96,"eu","eu","eu",0.0074,0.1392,0.7738,0.0796
"NLA06608-0759",55.5905902018693,185.4,"hyper","hyper","hyper",0.0002,0.0156,0.096,0.8882
"NLA06608-0761",28.5185164949346,54,"hyper","eu","hyper",0.0146,0.0776,0.1394,0.7684
"NLA06608-0762",15.5129962513751,133.2,"hyper","eu","hyper",0.0066,0.1314,0.1192,0.7428
"NLA06608-0764",16.0919707038613,24.264,"eu","eu","eu",0.0342,0.0932,0.6492,0.2234
"NLA06608-0765",8.51498179868945,11.392,"eu","eu","eu",0.0384,0.2098,0.664,0.0878
"NLA06608-0766",26.0776420644327,33.936,"hyper","eu","hyper",0.0044,0.0762,0.2518,0.6676
"NLA06608-0769",3.07344253236883,15.36,"eu","meso","eu",0.1374,0.2076,0.6508,0.0042
"NLA06608-0770",10.5907417440617,6.815,"eu","eu","meso",0.036,0.5094,0.3764,0.0782
"NLA06608-0771",6.39519407957662,6.4,"meso","meso","meso",0.0408,0.6382,0.2964,0.0246
"NLA06608-0775",11.4196279926759,1.816,"meso","eu","oligo",0.4232,0.2958,0.2196,0.0614
"NLA06608-0779",67.1503560727369,98.496,"hyper","hyper","hyper",0.0012,0.0138,0.0688,0.9162
"NLA06608-0781",11.1355803675538,17.92,"eu","eu","eu",0.0256,0.1332,0.7216,0.1196
"NLA06608-0782",3.42321023644936,3.28,"meso","meso","meso",0.0968,0.831,0.0704,0.0018
"NLA06608-0783",34.2946017491593,50.933,"hyper","hyper","hyper",0.0006,0.0292,0.118,0.8522
"NLA06608-0785",10.7424929370976,6.568,"eu","eu","meso",0.0362,0.54,0.3486,0.0752
"NLA06608-0792",15.6777046115323,30.24,"eu","eu","hyper",0.005,0.0834,0.4626,0.449
"NLA06608-0793",3.8749006432329,3.072,"meso","meso","meso",0.069,0.856,0.0598,0.0152
"NLA06608-0794",1.15473942713202,1.056,"oligo","oligo","oligo",0.9144,0.0624,0.0232,0
"NLA06608-0797",5.89899499073545,4.24,"meso","meso","meso",0.0804,0.7002,0.1982,0.0212
"NLA06608-0802",3.5772853403542,5.232,"meso","meso","meso",0.071,0.8384,0.0878,0.0028
"NLA06608-0804",8.72978974391454,5.013,"meso","eu","meso",0.041,0.7226,0.1864,0.05
"NLA06608-0805",5.63225020725499,2.272,"meso","meso","meso",0.1382,0.715,0.1284,0.0184
"NLA06608-0806",2.93934958816933,8.32,"meso","meso","eu",0.1512,0.3138,0.5294,0.0056
"NLA06608-0807",38.0477088209867,27.504,"hyper","hyper","eu",0.0134,0.0596,0.4986,0.4284
"NLA06608-0808",19.6690798860325,76.8,"hyper","eu","hyper",0.007,0.0922,0.1222,0.7786
"NLA06608-0809",7.45468910577402,3.008,"meso","eu","meso",0.0546,0.7722,0.1278,0.0454
"NLA06608-0811",7.05457501585608,50.04,"eu","eu","hyper",0.0592,0.1758,0.1396,0.6254
"NLA06608-0812",23.4944518211862,6.448,"eu","eu","meso",0.0054,0.4564,0.4082,0.13
"NLA06608-0815",16.2519202916518,27.2,"eu","eu","eu",0.0054,0.0524,0.7774,0.1648
"NLA06608-0820",17.4949054329704,120.8,"hyper","eu","hyper",0.009,0.0824,0.1402,0.7684
"NLA06608-0823",5.31461029911804,2.084,"meso","meso","meso",0.1654,0.7104,0.1092,0.015
"NLA06608-0824",11.5021479636713,6.229,"eu","eu","meso",0.0062,0.5798,0.361,0.053
"NLA06608-0825",6.24453633654355,39.696,"eu","meso","hyper",0.0482,0.1672,0.2908,0.4938
"NLA06608-0827",8.1247682082362,11.6,"eu","eu","eu",0.0612,0.2018,0.6522,0.0848
"NLA06608-0828",57.6896582662264,68.4,"hyper","hyper","hyper",0.0012,0.007,0.0636,0.9282
"NLA06608-0831",1.87803747078351,1.304,"oligo","oligo","oligo",0.8502,0.1206,0.0224,0.0068
"NLA06608-0833",1.43723496756376,0.792,"oligo","oligo","oligo",0.853,0.1062,0.0406,0.0002
"NLA06608-0834",5.10046273609602,8.053,"meso","meso","eu",0.0654,0.3848,0.5214,0.0284
"NLA06608-0836",4.78911622867611,2.695,"meso","meso","meso",0.059,0.8438,0.0894,0.0078
"NLA06608-0837",8.37428579946976,55.584,"eu","eu","hyper",0.0656,0.1184,0.1844,0.6316
"NLA06608-0842",1.42803298868765,1.557,"oligo","oligo","oligo",0.8234,0.1574,0.017,0.0022
"NLA06608-0843",10.796932232328,2.565,"meso","eu","meso",0.044,0.7266,0.1704,0.059
"NLA06608-0846",7.21364092923711,31.84,"eu","eu","hyper",0.0436,0.1306,0.5062,0.3196
"NLA06608-0847",40.8208167762595,189.36,"hyper","hyper","hyper",0.0008,0.022,0.0912,0.886
"NLA06608-0849",1.30925112799354,4.696,"meso","oligo","meso",0.2572,0.6388,0.103,0.001
"NLA06608-0850",2.42713876823047,2.304,"meso","meso","meso",0.2642,0.6958,0.0382,0.0018
"NLA06608-0851",32.2477636359518,7.8,"eu","hyper","eu",0.0112,0.2126,0.5756,0.2006
"NLA06608-0856",17.1304080477507,9.467,"eu","eu","eu",0.0014,0.0948,0.791,0.1128
"NLA06608-0857",15.1043141201672,12.72,"eu","eu","eu",0.0082,0.0702,0.835,0.0866
"NLA06608-0859",22.6463451405245,11.472,"eu","eu","eu",0.0022,0.0928,0.7644,0.1406
"NLA06608-0860",19.1856724482587,11.168,"eu","eu","eu",0.0038,0.0968,0.7756,0.1238
"NLA06608-0862",4.97087033014282,3.568,"meso","meso","meso",0.064,0.8236,0.099,0.0134
"NLA06608-0863",6.92109139651812,14.384,"eu","meso","eu",0.023,0.207,0.7304,0.0396
"NLA06608-0864",11.0803059664409,9.223,"eu","eu","eu",0.0708,0.1802,0.6386,0.1104
"NLA06608-0865",26.0986489995721,83.52,"hyper","eu","hyper",0.007,0.0204,0.187,0.7856
"NLA06608-0868",20.1683783108933,29.48,"eu","eu","eu",0.0282,0.0888,0.467,0.416
"NLA06608-0869",4.59654548657133,11.657,"eu","meso","eu",0.0808,0.2132,0.6848,0.0212
"NLA06608-0870",1.00587786529981,0.488,"oligo","oligo","oligo",0.8916,0.0576,0.05,0.0008
"NLA06608-0871",33.432761741069,256.32,"hyper","hyper","hyper",0.001,0.0158,0.1546,0.8286
"NLA06608-0872",21.4400811162835,14.32,"eu","eu","eu",0.0014,0.0466,0.789,0.163
"NLA06608-0873",4.42349768950837,9.98,"eu","meso","eu",0.0522,0.3116,0.63,0.0062
"NLA06608-0874",7.94959907391434,14.16,"eu","eu","eu",0.025,0.1698,0.7578,0.0474
"NLA06608-0875",5.76624988379285,6.136,"meso","meso","meso",0.0366,0.7486,0.175,0.0398
"NLA06608-0877",27.5741852943311,11.8,"eu","eu","eu",0.0248,0.0896,0.6492,0.2364
"NLA06608-0878",11.0581661235061,6.112,"eu","eu","meso",0.009,0.668,0.2426,0.0804
"NLA06608-0880",17.3421813007502,41.6,"eu","eu","hyper",0.011,0.0694,0.2658,0.6538
"NLA06608-0881",1.67856985462393,15.886,"meso","oligo","eu",0.2114,0.1376,0.6418,0.0092
"NLA06608-0885",9.89299184756851,23.04,"eu","eu","eu",0.0306,0.1226,0.692,0.1548
"NLA06608-0889",6.20981000306614,11.925,"eu","meso","eu",0.0458,0.2194,0.6966,0.0382
"NLA06608-0890",3.87924232487232,3.384,"meso","meso","meso",0.0622,0.866,0.07,0.0018
"NLA06608-0891",16.5530521498114,30.677,"eu","eu","hyper",0.024,0.0948,0.4004,0.4808
"NLA06608-0893",6.38624111359996,6.96,"meso","meso","meso",0.0648,0.5072,0.395,0.033
"NLA06608-0895",5.74717905186892,13.856,"eu","meso","eu",0.054,0.1966,0.7108,0.0386
"NLA06608-0899",18.7183976599784,69.192,"hyper","eu","hyper",0.004,0.1024,0.158,0.7356
"NLA06608-0900",32.1858614744039,15.648,"eu","hyper","eu",0.0018,0.0284,0.7536,0.2162
"NLA06608-0904",61.5515834880157,77.2,"hyper","hyper","hyper",0.0012,0.0162,0.058,0.9246
"NLA06608-0905",1.00345341829243,1.294,"oligo","oligo","oligo",0.9132,0.0798,0.007,0
"NLA06608-0906",1.2065118860561,0.832,"oligo","oligo","oligo",0.913,0.0776,0.0094,0
"NLA06608-0913",3.66833239377412,3.44,"meso","meso","meso",0.0812,0.8492,0.0676,0.002
"NLA06608-0914",3.01126695427459,1.288,"oligo","meso","oligo",0.7426,0.1946,0.0608,0.002
"NLA06608-0915",14.514606130857,37.872,"eu","eu","hyper",0.0082,0.1066,0.2582,0.627
"NLA06608-0916",3.44561296366304,1.727,"meso","meso","oligo",0.5798,0.3238,0.0862,0.0102
"NLA06608-0918",1.6782420481423,2.384,"meso","oligo","meso",0.3052,0.6714,0.023,0.0004
"NLA06608-0921",11.6330281416145,19.5,"eu","eu","eu",0.0364,0.0762,0.7858,0.1016
"NLA06608-0922",3.0275160064871,1.243,"oligo","meso","oligo",0.7518,0.1766,0.0474,0.0242
"NLA06608-0924",59.8085009328191,98,"hyper","hyper","hyper",0.0076,0.0188,0.0782,0.8954
"NLA06608-0925",5.15038144335746,1.018,"meso","meso","oligo",0.6776,0.1694,0.1374,0.0156
"NLA06608-0926",4.62769563097102,1.472,"meso","meso","oligo",0.607,0.2974,0.0896,0.006
"NLA06608-0927",6.89492891654554,2.715,"meso","meso","meso",0.0734,0.7566,0.1342,0.0358
"NLA06608-0929",1.20249100798135,1.561,"oligo","oligo","oligo",0.8116,0.1452,0.043,0.0002
"NLA06608-0930",4.12922442836635,1.304,"meso","meso","oligo",0.6868,0.2112,0.0936,0.0084
"NLA06608-0933",1.88528820133715,8.16,"meso","oligo","eu",0.197,0.3088,0.4902,0.004
"NLA06608-0934",1.03647701513823,0.067,"oligo","oligo","oligo",0.9096,0.0554,0.0348,0.0002
"NLA06608-0935",12.7189122639064,18.72,"eu","eu","eu",0.0178,0.1524,0.6672,0.1626
"NLA06608-0940",13.9144771252682,22.56,"eu","eu","eu",0.0294,0.097,0.6928,0.1808
"NLA06608-0942",3.59185837766956,2.384,"meso","meso","meso",0.1268,0.8072,0.0578,0.0082
"NLA06608-0943",4.13921378451373,2.288,"meso","meso","meso",0.1734,0.722,0.0952,0.0094
"NLA06608-0944",5.16344114395569,25.227,"eu","meso","eu",0.113,0.1248,0.5842,0.178
"NLA06608-0946",5.89231502837232,14.96,"eu","meso","eu",0.0478,0.179,0.7566,0.0166
"NLA06608-0950",4.76220490779615,1.723,"meso","meso","oligo",0.5864,0.293,0.096,0.0246
"NLA06608-0955",2.77117015812248,2.784,"meso","meso","meso",0.1608,0.7904,0.0442,0.0046
"NLA06608-0957",4.0729897109234,2.16,"meso","meso","meso",0.2694,0.6426,0.0502,0.0378
"NLA06608-0958",4.57188233370305,8.56,"meso","meso","eu",0.0382,0.344,0.613,0.0048
"NLA06608-0961",1.63819650673623,3.64,"meso","oligo","meso",0.2196,0.6904,0.089,0.001
"NLA06608-0962",1.78969294740239,1.396,"oligo","oligo","oligo",0.7982,0.1804,0.0206,0.0008
"NLA06608-0967",32.0592272025903,15.5,"eu","hyper","eu",0.0036,0.0674,0.7178,0.2112
"NLA06608-0968",46.3464108094199,47.6,"hyper","hyper","hyper",0.0028,0.0252,0.1322,0.8398
"NLA06608-0970",1.33118358647138,0.86,"oligo","oligo","oligo",0.9116,0.0688,0.0194,0.0002
"NLA06608-0971",36.6351817305245,28.584,"hyper","hyper","eu",0.0008,0.0148,0.5422,0.4422
"NLA06608-0972",26.8567462363481,13.36,"eu","eu","eu",0.002,0.0318,0.799,0.1672
"NLA06608-0974",3.43318621063476,1.684,"meso","meso","oligo",0.6108,0.3262,0.0616,0.0014
"NLA06608-0979",2.49835387789989,3.754,"meso","meso","meso",0.1514,0.7706,0.0702,0.0078
"NLA06608-0980",12.4628465490378,84,"hyper","eu","hyper",0.0138,0.1304,0.1558,0.7
"NLA06608-0982",2.48228497701472,2.08,"meso","meso","meso",0.3502,0.6128,0.0352,0.0018
"NLA06608-0984",30.5919432140179,32.64,"hyper","hyper","hyper",0.0038,0.0368,0.284,0.6754
"NLA06608-0986",15.4984278621893,5.216,"eu","eu","meso",0.0108,0.6058,0.2896,0.0938
"NLA06608-0987",6.39747913701507,38.304,"eu","meso","hyper",0.049,0.1832,0.249,0.5188
"NLA06608-0989",15.3015643034219,65.2,"hyper","eu","hyper",0.022,0.102,0.154,0.722
"NLA06608-0990",9.36543768787667,20.32,"eu","eu","eu",0.0316,0.1328,0.7176,0.118
"NLA06608-0993",1.63065113396858,0.528,"oligo","oligo","oligo",0.866,0.118,0.0158,0.0002
"NLA06608-0994",3.77485748028366,3.744,"meso","meso","meso",0.1012,0.8076,0.0872,0.004
"NLA06608-0996",4.12053496186056,2.352,"meso","meso","meso",0.2262,0.6732,0.0628,0.0378
"NLA06608-0997",2.19429674736188,1.504,"oligo","meso","oligo",0.7792,0.197,0.023,0.0008
"NLA06608-1001",11.8680597447342,5.28,"eu","eu","meso",0.0108,0.6622,0.256,0.071
"NLA06608-1002",10.2569099962661,1.136,"meso","eu","oligo",0.5858,0.2132,0.103,0.098
"NLA06608-1003",5.62264902772942,3.816,"meso","meso","meso",0.035,0.8458,0.091,0.0282
"NLA06608-1005",14.7912468417953,22.88,"eu","eu","eu",0.0116,0.1194,0.6948,0.1742
"NLA06608-1006",16.388169242348,34.2,"eu","eu","hyper",0.0084,0.1016,0.3128,0.5772
"NLA06608-1008",4.61304614121281,0.52,"oligo","meso","oligo",0.7516,0.1272,0.0788,0.0424
"NLA06608-1010",4.20435624526152,22.72,"eu","meso","eu",0.104,0.1716,0.684,0.0404
"NLA06608-1012",16.2814142784152,7.19,"eu","eu","eu",0.0058,0.3166,0.5524,0.1252
"NLA06608-1014",6.42956497849996,9.813,"eu","meso","eu",0.0204,0.275,0.6778,0.0268
"NLA06608-1015",94.261774882668,66.24,"hyper","hyper","hyper",0.0006,0.0068,0.0382,0.9544
"NLA06608-1016",12.1624187343635,21.44,"eu","eu","eu",0.0158,0.0784,0.8032,0.1026
"NLA06608-1018",3.89264439465428,7.56,"meso","meso","eu",0.0592,0.423,0.5174,0.0004
"NLA06608-1022",14.7481121506768,138.24,"hyper","eu","hyper",0.0144,0.1148,0.1424,0.7284
"NLA06608-1024",10.2438065153751,6.656,"eu","eu","meso",0.0342,0.554,0.3438,0.068
"NLA06608-1034",7.41154461370696,1.984,"meso","eu","oligo",0.3426,0.4808,0.1294,0.0472
"NLA06608-1035",72.3413533954217,255.6,"hyper","hyper","hyper",0,0.005,0.0388,0.9562
"NLA06608-1036",21.4578561540999,39.888,"hyper","eu","hyper",0.0046,0.0802,0.1802,0.735
"NLA06608-1037",33.0823724702136,10.56,"eu","hyper","eu",0.0052,0.0602,0.7406,0.194
"NLA06608-1038",3.5965935475869,4,"meso","meso","meso",0.0738,0.8566,0.0674,0.0022
"NLA06608-1039",8.48557419003425,125.28,"hyper","eu","hyper",0.024,0.1652,0.1842,0.6266
"NLA06608-1041",8.94008551525542,3.312,"meso","eu","meso",0.059,0.7036,0.188,0.0494
"NLA06608-1044",15.0338073883516,18.4,"eu","eu","eu",0.0056,0.0728,0.832,0.0896
"NLA06608-1045",5.51188121689406,1.256,"meso","meso","oligo",0.6386,0.2232,0.104,0.0342
"NLA06608-1047",17.7043078403345,9.6,"eu","eu","eu",0.0184,0.1186,0.7328,0.1302
"NLA06608-1052",19.8979435163788,28.656,"eu","eu","eu",0.003,0.0516,0.6642,0.2812
"NLA06608-1055",7.84539718325512,89.712,"hyper","eu","hyper",0.0282,0.1854,0.1176,0.6688
"NLA06608-1056",5.74203007347992,8.752,"eu","meso","eu",0.0712,0.213,0.6966,0.0192
"NLA06608-1057",0.868935079969432,0.149,"oligo","oligo","oligo",0.934,0.0434,0.0214,0.0012
"NLA06608-1058",1.57826937830365,0.8,"oligo","oligo","oligo",0.8178,0.1122,0.0688,0.0012
"NLA06608-1059",15.7713346572188,39.8,"eu","eu","hyper",0.006,0.1004,0.2612,0.6324
"NLA06608-1060",20.6294271855886,155.52,"hyper","eu","hyper",0.0134,0.0858,0.1116,0.7892
"NLA06608-1070",53.6789074216014,23.112,"hyper","hyper","eu",0.001,0.0198,0.6094,0.3698
"NLA06608-1073",0.898504976526138,0.338,"oligo","oligo","oligo",0.9238,0.056,0.02,0.0002
"NLA06608-1075",4.21378965206142,4.528,"meso","meso","meso",0.064,0.821,0.1104,0.0046
"NLA06608-1083",12.5013879863563,318.24,"hyper","eu","hyper",0.04,0.1198,0.0906,0.7496
"NLA06608-1086",15.3003598805225,13.86,"eu","eu","eu",0.015,0.1524,0.6698,0.1628
"NLA06608-1087",7.12476304255681,3.584,"meso","eu","meso",0.0614,0.7744,0.113,0.0512
"NLA06608-1089",0.971529386015935,1.04,"oligo","oligo","oligo",0.9178,0.0634,0.0174,0.0014
"NLA06608-1091",12.280477041991,12.667,"eu","eu","eu",0.0072,0.1834,0.6974,0.112
"NLA06608-1096",20.6198257906419,36.17,"eu","eu","hyper",0.014,0.0754,0.2602,0.6504
"NLA06608-1100",14.4004541730402,2.896,"meso","eu","meso",0.0116,0.6912,0.209,0.0882
"NLA06608-1101",5.24739779910557,128.736,"hyper","meso","hyper",0.0832,0.158,0.1276,0.6312
"NLA06608-1102",3.67707270221782,2.104,"meso","meso","meso",0.2048,0.735,0.059,0.0012
"NLA06608-1103",24.8422521477705,10.976,"eu","eu","eu",0.008,0.0998,0.7064,0.1858
"NLA06608-1107",18.9508719702028,49.032,"hyper","eu","hyper",0.0058,0.0874,0.2128,0.694
"NLA06608-1108",31.1139077333334,53.64,"hyper","hyper","hyper",0.0004,0.0202,0.145,0.8344
"NLA06608-1111",36.9530612108401,46.224,"hyper","hyper","hyper",0.0024,0.0366,0.1382,0.8228
"NLA06608-1113",8.75697771718602,7.568,"eu","eu","eu",0.028,0.275,0.6644,0.0326
"NLA06608-1114",16.8118835857565,12.496,"eu","eu","eu",0.005,0.111,0.7598,0.1242
"NLA06608-1115",19.1397554139571,4.416,"eu","eu","meso",0.0228,0.6344,0.1986,0.1442
"NLA06608-1119",3.56150511225109,2.207,"meso","meso","meso",0.214,0.6666,0.1128,0.0066
"NLA06608-1120",4.64584674023156,8.016,"meso","meso","eu",0.1144,0.2724,0.5788,0.0344
"NLA06608-1122",5.61752157983452,5.92,"meso","meso","meso",0.0496,0.686,0.249,0.0154
"NLA06608-1124",7.06279839556396,1.18,"meso","eu","oligo",0.6028,0.259,0.0662,0.072
"NLA06608-1125",2.95039538411714,4.176,"meso","meso","meso",0.1112,0.846,0.0392,0.0036
"NLA06608-1129",3.27725502666443,4.32,"meso","meso","meso",0.0934,0.7812,0.1226,0.0028
"NLA06608-1130",7.60602370688468,23.68,"eu","eu","eu",0.0192,0.177,0.7128,0.091
"NLA06608-1131",3.18458302695291,6.192,"meso","meso","meso",0.0702,0.8338,0.0852,0.0108
"NLA06608-1134",5.58258664720973,9.43,"eu","meso","eu",0.0578,0.2588,0.6568,0.0266
"NLA06608-1141",6.61808210098965,10.16,"eu","meso","eu",0.0772,0.2014,0.6584,0.063
"NLA06608-1143",4.84134765156248,9.52,"eu","meso","eu",0.0446,0.3048,0.6258,0.0248
"NLA06608-1145",16.2300607357147,17.829,"eu","eu","eu",0.0104,0.1226,0.6914,0.1756
"NLA06608-1147",22.8232107833924,42.24,"hyper","eu","hyper",0.023,0.0738,0.1838,0.7194
"NLA06608-1148",42.9530579912255,48,"hyper","hyper","hyper",0.005,0.047,0.1232,0.8248
"NLA06608-1150",3.09830520112183,3.792,"meso","meso","meso",0.1164,0.8222,0.0572,0.0042
"NLA06608-1151",3.43615234892038,13.716,"eu","meso","eu",0.0856,0.2116,0.696,0.0068
"NLA06608-1153",0.804345455048109,0.254,"oligo","oligo","oligo",0.944,0.0382,0.0176,0.0002
"NLA06608-1155",14.6386550526207,28.68,"eu","eu","eu",0.0202,0.1118,0.5582,0.3098
"NLA06608-1162",5.43657729305109,3.083,"meso","meso","meso",0.0424,0.834,0.1074,0.0162
"NLA06608-1163",20.2628066111244,4.005,"eu","eu","meso",0.0134,0.6478,0.16,0.1788
"NLA06608-1164",10.4603627815493,8.08,"eu","eu","eu",0.0072,0.1668,0.7896,0.0364
"NLA06608-1166",5.22009120795007,1.148,"meso","meso","oligo",0.6112,0.2552,0.1306,0.003
"NLA06608-1167",5.88093791853168,2.624,"meso","meso","meso",0.0468,0.835,0.094,0.0242
"NLA06608-1170",2.20631318052307,1.22,"oligo","meso","oligo",0.7686,0.2084,0.0216,0.0014
"NLA06608-1172",7.12401868152208,3.003,"meso","eu","meso",0.0706,0.7782,0.0912,0.06
"NLA06608-1174",2.10273120345556,2.76,"meso","meso","meso",0.1986,0.7732,0.0274,0.0008
"NLA06608-1175",18.5712773000014,32.112,"eu","eu","hyper",0.0126,0.076,0.4048,0.5066
"NLA06608-1177",25.8199994219884,16.64,"eu","eu","eu",0.0024,0.0498,0.767,0.1808
"NLA06608-1179",21.9345111804071,349.2,"hyper","eu","hyper",0.0044,0.061,0.1532,0.7814
"NLA06608-1181",17.7984675685092,82.224,"hyper","eu","hyper",0.0044,0.0728,0.2164,0.7064
"NLA06608-1183",1.70610444676918,1.808,"oligo","oligo","oligo",0.728,0.2458,0.0262,0
"NLA06608-1185",31.9646945914435,104.533,"hyper","hyper","hyper",0.0028,0.0234,0.1352,0.8386
"NLA06608-1189",5.19086025363992,1.868,"meso","meso","oligo",0.5056,0.3578,0.1194,0.0172
"NLA06608-1190",5.56990943422151,6.176,"meso","meso","meso",0.0992,0.6176,0.258,0.0252
"NLA06608-1191",13.7671076679525,48.96,"eu","eu","hyper",0.0184,0.0818,0.2294,0.6704
"NLA06608-1195",19.6191681306567,16.571,"eu","eu","eu",0.0042,0.0832,0.7642,0.1484
"NLA06608-1198",9.45792130606766,2.64,"meso","eu","meso",0.038,0.728,0.191,0.043
"NLA06608-1199",17.4722783484604,49.577,"hyper","eu","hyper",0.0068,0.0928,0.1746,0.7258
"NLA06608-1204",17.4060362925807,5.04,"eu","eu","meso",0.0068,0.5782,0.3242,0.0908
"NLA06608-1206",5.08266748590477,2.98,"meso","meso","meso",0.0312,0.8518,0.114,0.003
"NLA06608-1207",5.76549315967547,2.501,"meso","meso","meso",0.0908,0.7612,0.11,0.038
"NLA06608-1208",19.7757686464537,138.816,"hyper","eu","hyper",0.001,0.0788,0.158,0.7622
"NLA06608-1209",5.39864072167392,6.552,"meso","meso","meso",0.0352,0.7004,0.2438,0.0206
"NLA06608-1210",22.847618782304,5.72,"eu","eu","meso",0.0012,0.5888,0.234,0.176
"NLA06608-1217",3.86795716191042,21.6,"eu","meso","eu",0.1388,0.1286,0.6824,0.0502
"NLA06608-1219",14.855060531774,38.867,"eu","eu","hyper",0.0052,0.1308,0.2364,0.6276
"NLA06608-1220",12.6931785375227,22.4,"eu","eu","eu",0.0194,0.119,0.724,0.1376
"NLA06608-1222",15.9445861225716,10.4,"eu","eu","eu",0.0176,0.1242,0.7378,0.1204
"NLA06608-1223",53.0221944272056,81.6,"hyper","hyper","hyper",0.0004,0.027,0.0696,0.903
"NLA06608-1227",26.9221780756322,5.08,"eu","eu","meso",0.0022,0.5934,0.1986,0.2058
"NLA06608-1232",18.0497813211368,5.653,"eu","eu","meso",0.0136,0.6114,0.2396,0.1354
"NLA06608-1236",6.32990093415167,4.752,"meso","meso","meso",0.0708,0.7406,0.1402,0.0484
"NLA06608-1238",2.24663196254149,1.829,"oligo","meso","oligo",0.694,0.279,0.0264,0.0006
"NLA06608-1239",6.96349246392312,83.376,"eu","meso","hyper",0.0286,0.2024,0.168,0.601
"NLA06608-1240",17.0476861158687,28.872,"eu","eu","eu",0.0074,0.0646,0.605,0.323
"NLA06608-1241",18.9546153805896,14.08,"eu","eu","eu",0.0066,0.052,0.8338,0.1076
"NLA06608-1242",17.9737245717879,2.896,"meso","eu","meso",0.01,0.7,0.1442,0.1458
"NLA06608-1243",9.92198209465067,35.28,"eu","eu","hyper",0.0228,0.131,0.2826,0.5636
"NLA06608-1244",44.9814771030426,103.895,"hyper","hyper","hyper",0.006,0.0284,0.1124,0.8532
"NLA06608-1245",23.8425556798362,17.44,"eu","eu","eu",0.0062,0.058,0.7434,0.1924
"NLA06608-1255",31.9769014288863,516,"hyper","hyper","hyper",0.0048,0.0464,0.1266,0.8222
"NLA06608-1256",13.0845749945411,2.584,"meso","eu","meso",0.0776,0.6568,0.1814,0.0842
"NLA06608-1258",7.23221078160721,4.347,"meso","eu","meso",0.0256,0.7878,0.1412,0.0454
"NLA06608-1259",2.26962722395861,3.008,"meso","meso","meso",0.1976,0.7606,0.038,0.0038
"NLA06608-1261",4.07719954165862,16.056,"eu","meso","eu",0.135,0.2016,0.6266,0.0368
"NLA06608-1262",6.51057104038694,20.8,"eu","meso","eu",0.0346,0.1828,0.7536,0.029
"NLA06608-1263",8.03400813549041,14,"eu","eu","eu",0.0296,0.1928,0.7102,0.0674
"NLA06608-1266",6.69918686478845,0.927,"meso","meso","oligo",0.6624,0.1634,0.1402,0.034
"NLA06608-1268",24.0704856149543,37.84,"hyper","eu","hyper",0.0026,0.045,0.2528,0.6996
"NLA06608-1269",9.864576287985,113.143,"hyper","eu","hyper",0.0536,0.1016,0.128,0.7168
"NLA06608-1270",2.41080915656954,1.595,"oligo","meso","oligo",0.7426,0.2114,0.043,0.003
"NLA06608-1271",86.4693581581309,98.88,"hyper","hyper","hyper",0.0062,0.0272,0.0426,0.924
"NLA06608-1273",21.0347166438764,195.84,"hyper","eu","hyper",0.0194,0.0692,0.1172,0.7942
"NLA06608-1274",2.98816606518199,1.904,"meso","meso","oligo",0.4642,0.5096,0.0254,0.0008
"NLA06608-1278",20.6035565200836,29.088,"eu","eu","eu",0.0084,0.0872,0.5402,0.3642
"NLA06608-1279",2.94482191341024,10.672,"meso","meso","eu",0.1088,0.2744,0.614,0.0028
"NLA06608-1281",3.69146360817646,1.189,"oligo","meso","oligo",0.726,0.159,0.1114,0.0036
"NLA06608-1283",8.36264054901578,46.368,"eu","eu","hyper",0.031,0.144,0.2564,0.5686
"NLA06608-1284",2.43605333035205,1.189,"oligo","meso","oligo",0.788,0.162,0.0446,0.0054
"NLA06608-1288",24.9394945228291,45.216,"hyper","eu","hyper",0.0016,0.021,0.2356,0.7418
"NLA06608-1292",12.7173142102818,7.08,"eu","eu","eu",0.0074,0.3348,0.5906,0.0672
"NLA06608-1295",11.7080188149042,26.08,"eu","eu","eu",0.0248,0.113,0.6838,0.1784
"NLA06608-1297",11.3853343023418,6.056,"eu","eu","meso",0.0376,0.6158,0.2638,0.0828
"NLA06608-1300",11.2115361480553,1.594,"meso","eu","oligo",0.4852,0.2664,0.184,0.0644
"NLA06608-1303",11.7632400815439,7.648,"eu","eu","eu",0.0212,0.2336,0.6666,0.0786
"NLA06608-1312",3.69078014396245,1.6,"meso","meso","oligo",0.6528,0.2614,0.075,0.0108
"NLA06608-1316",8.67624269016455,62.4,"eu","eu","hyper",0.0286,0.1302,0.2202,0.621
"NLA06608-1319",52.7788537647647,169.632,"hyper","hyper","hyper",0.0036,0.0494,0.0684,0.8786
"NLA06608-1321",1.50581705366294,1.57,"oligo","oligo","oligo",0.8204,0.1618,0.0178,0
"NLA06608-1323",23.1677367899694,15.378,"eu","eu","eu",0.0048,0.026,0.8094,0.1598
"NLA06608-1326",4.80620252745315,1.68,"meso","meso","oligo",0.5344,0.369,0.0898,0.0068
"NLA06608-1329",1.11390674565142,0.108,"oligo","oligo","oligo",0.911,0.0608,0.0282,0
"NLA06608-1332",8.22215487427373,19.64,"eu","eu","eu",0.0394,0.1598,0.7158,0.085
"NLA06608-1333",3.47205924789123,1.344,"oligo","meso","oligo",0.6924,0.2414,0.0608,0.0054
"NLA06608-1334",5.94352050506959,3,"meso","meso","meso",0.0366,0.8194,0.1224,0.0216
"NLA06608-1336",11.8426538402517,49.86,"eu","eu","hyper",0.0042,0.1006,0.2614,0.6338
"NLA06608-1338",6.71711077936536,4.088,"meso","meso","meso",0.1404,0.6652,0.1122,0.0822
"NLA06608-1339",24.5684986123917,147.6,"hyper","eu","hyper",0.0198,0.0856,0.0938,0.8008
"NLA06608-1342",6.09029334119005,3.776,"meso","meso","meso",0.0412,0.7702,0.1798,0.0088
"NLA06608-1344",3.57557758412133,6.3,"meso","meso","meso",0.1724,0.549,0.2374,0.0412
"NLA06608-1346",4.00421791629586,2.164,"meso","meso","meso",0.1864,0.728,0.0646,0.021
"NLA06608-1347",3.39681305234597,5.072,"meso","meso","meso",0.0594,0.8882,0.0502,0.0022
"NLA06608-1348",3.33346328187485,1.31,"oligo","meso","oligo",0.7254,0.1962,0.069,0.0094
"NLA06608-1349",27.1776607760742,27.2,"eu","eu","eu",0.0048,0.028,0.5894,0.3778
"NLA06608-1354",3.77147704752133,3.627,"meso","meso","meso",0.1352,0.7608,0.0742,0.0298
"NLA06608-1355",8.26853213041569,3.84,"meso","eu","meso",0.01,0.7922,0.1622,0.0356
"NLA06608-1356",10.559764428734,4.924,"meso","eu","meso",0.0372,0.6966,0.1886,0.0776
"NLA06608-1358",2.75947716868677,7.64,"meso","meso","eu",0.1276,0.3844,0.4866,0.0014
"NLA06608-1359",25.6891188467307,34.848,"hyper","eu","hyper",0.0048,0.0622,0.2266,0.7064
"NLA06608-1360",17.785718023897,49.92,"hyper","eu","hyper",0.0064,0.0396,0.305,0.649
"NLA06608-1364",6.54684071302857,103.2,"hyper","meso","hyper",0.0334,0.2078,0.136,0.6228
"NLA06608-1365",6.2587133272075,5.36,"meso","meso","meso",0.0468,0.7472,0.1688,0.0372
"NLA06608-1367",25.2793074487615,184,"hyper","eu","hyper",0.0196,0.0666,0.1198,0.794
"NLA06608-1368",19.0349279026833,32.2,"eu","eu","hyper",0.0154,0.0696,0.3288,0.5862
"NLA06608-1369",11.0905533471308,30.08,"eu","eu","hyper",0.01,0.0964,0.538,0.3556
"NLA06608-1370",5.80507504069059,16.16,"eu","meso","eu",0.0642,0.1592,0.7512,0.0254
"NLA06608-1372",25.5102239268308,62.64,"hyper","eu","hyper",0.0016,0.048,0.1696,0.7808
"NLA06608-1375",36.5291487708998,63.936,"hyper","hyper","hyper",0.0006,0.0258,0.1022,0.8714
"NLA06608-1376",4.924665793067,9.12,"eu","meso","eu",0.0764,0.2288,0.6816,0.0132
"NLA06608-1377",1.3828786979879,0.867,"oligo","oligo","oligo",0.8296,0.141,0.0292,0.0002
"NLA06608-1380",5.09116188663479,2.768,"meso","meso","meso",0.2182,0.6484,0.0668,0.0666
"NLA06608-1383",11.2673768217452,21.28,"eu","eu","eu",0.0138,0.1162,0.7554,0.1146
"NLA06608-1387",6.003642389325,9.968,"eu","meso","eu",0.0148,0.2736,0.696,0.0156
"NLA06608-1389",28.1252798614853,52.848,"hyper","eu","hyper",0.0006,0.0304,0.177,0.792
"NLA06608-1390",6.11571735113166,5.589,"meso","meso","meso",0.031,0.8368,0.0944,0.0378
"NLA06608-1391",11.4136290745112,67.968,"hyper","eu","hyper",0.0244,0.1194,0.181,0.6752
"NLA06608-1396",4.7889447091258,5.12,"meso","meso","meso",0.0996,0.7498,0.1258,0.0248
"NLA06608-1397",4.50373042398453,210.6,"hyper","meso","hyper",0.1054,0.1158,0.155,0.6238
"NLA06608-1398",4.53653546016811,7.874,"meso","meso","eu",0.039,0.3744,0.5848,0.0018
"NLA06608-1401",6.86454444063286,37.296,"eu","meso","hyper",0.0238,0.206,0.2768,0.4934
"NLA06608-1403",12.1065327226309,1.925,"meso","eu","oligo",0.3894,0.4242,0.0928,0.0936
"NLA06608-1413",30.2983320466159,49.2,"hyper","hyper","hyper",0.0018,0.056,0.1392,0.803
"NLA06608-1414",4.44673832400405,10.48,"eu","meso","eu",0.0944,0.2294,0.6504,0.0258
"NLA06608-1417",14.33457018442,1.989,"meso","eu","oligo",0.3978,0.354,0.1262,0.122
"NLA06608-1420",19.9490156525067,13.382,"eu","eu","eu",0.0046,0.0646,0.7626,0.1682
"NLA06608-1421",18.8596400054036,75.6,"hyper","eu","hyper",0.0024,0.071,0.192,0.7346
"NLA06608-1425",5.41452519343017,9.712,"eu","meso","eu",0.07,0.1838,0.7374,0.0088
"NLA06608-1426",4.83887309342269,12.368,"eu","meso","eu",0.1466,0.1188,0.6632,0.0714
"NLA06608-1432",21.9382846827829,5.16,"eu","eu","meso",0.011,0.5732,0.2394,0.1764
"NLA06608-1434",4.51739643403787,2.312,"meso","meso","meso",0.0856,0.8352,0.0644,0.0148
"NLA06608-1435",25.6743219118334,9.4,"eu","eu","eu",0.013,0.1456,0.6566,0.1848
"NLA06608-1436",8.61438570887807,4.72,"meso","eu","meso",0.0304,0.708,0.2238,0.0378
"NLA06608-1439",5.19185753986749,3.332,"meso","meso","meso",0.0742,0.8014,0.0946,0.0298
"NLA06608-1445",5.71737754021581,16.667,"eu","meso","eu",0.0692,0.1618,0.7252,0.0438
"NLA06608-1446",0.834597481222034,0.779,"oligo","oligo","oligo",0.9156,0.0566,0.0264,0.0014
"NLA06608-1447",7.0220569201337,5.086,"meso","eu","meso",0.0426,0.7484,0.1632,0.0458
"NLA06608-1450",5.0518777815317,2.944,"meso","meso","meso",0.043,0.8458,0.0948,0.0164
"NLA06608-1454",31.8336255020713,2.82,"eu","hyper","meso",0.006,0.6112,0.1888,0.194
"NLA06608-1455",2.55125587893556,8.8,"meso","meso","eu",0.139,0.321,0.5356,0.0044
"NLA06608-1460",13.3054910819512,4.459,"meso","eu","meso",0.0088,0.6772,0.2288,0.0852
"NLA06608-1461",6.00771252759779,18.216,"eu","meso","eu",0.1014,0.1312,0.6836,0.0838
"NLA06608-1462",17.6370512556147,26.8,"eu","eu","eu",0.0238,0.0814,0.5972,0.2976
"NLA06608-1465",9.70079613114736,5.973,"eu","eu","meso",0.0378,0.6178,0.2632,0.0812
"NLA06608-1469",14.2150251698348,65.52,"hyper","eu","hyper",0.0072,0.0858,0.2208,0.6862
"NLA06608-1473",2.53124779906889,2.007,"meso","meso","meso",0.4316,0.4706,0.0964,0.0014
"NLA06608-1476",6.74716873620086,62,"eu","meso","hyper",0.062,0.1316,0.221,0.5854
"NLA06608-1481",1.3293634463745,0.489,"oligo","oligo","oligo",0.8434,0.1062,0.0466,0.0038
"NLA06608-1482",22.9588418860408,23.52,"eu","eu","eu",0.003,0.0244,0.811,0.1616
"NLA06608-1483",2.22407178462569,4.805,"meso","meso","meso",0.171,0.712,0.1168,0.0002
"NLA06608-1484",7.05154365071169,3.795,"meso","eu","meso",0.0152,0.8084,0.1484,0.028
"NLA06608-1487",13.4956616180572,14.592,"eu","eu","eu",0.0096,0.103,0.7814,0.106
"NLA06608-1488",30.9109436499217,114.624,"hyper","hyper","hyper",0.003,0.0276,0.1582,0.8112
"NLA06608-1489",6.13129938546528,17.94,"eu","meso","eu",0.0686,0.1432,0.7272,0.061
"NLA06608-1492",22.319589386541,40.608,"hyper","eu","hyper",0.0052,0.0638,0.179,0.752
"NLA06608-1496",11.2325789278413,12.98,"eu","eu","eu",0.0198,0.1344,0.7574,0.0884
"NLA06608-1499",15.6819349761031,2.907,"meso","eu","meso",0.0146,0.6948,0.1548,0.1358
"NLA06608-1504",10.1131669443902,155.077,"hyper","eu","hyper",0.0458,0.097,0.1712,0.686
"NLA06608-1508",8.72209771262153,11.744,"eu","eu","eu",0.0592,0.17,0.6844,0.0864
"NLA06608-1510",16.9068081906969,28.48,"eu","eu","eu",0.0182,0.106,0.5714,0.3044
"NLA06608-1511",19.7470113182994,5.24,"eu","eu","meso",0.0168,0.6378,0.1972,0.1482
"NLA06608-1515",6.49103004861434,11.6,"eu","meso","eu",0.0466,0.2178,0.687,0.0486
"NLA06608-1517",17.7127532569512,6.384,"eu","eu","meso",0.0082,0.473,0.43,0.0888
"NLA06608-1521",8.64771387669003,82.512,"hyper","eu","hyper",0.0372,0.1308,0.1826,0.6494
"NLA06608-1524",19.1307105328271,7.72,"eu","eu","eu",0.0024,0.1548,0.7358,0.107
"NLA06608-1527",37.1658312953568,381.6,"hyper","hyper","hyper",0.0016,0.0518,0.111,0.8356
"NLA06608-1529",5.12951475808641,6.04,"meso","meso","meso",0.072,0.71,0.19,0.028
"NLA06608-1532",53.4753432448271,42.66,"hyper","hyper","hyper",0.0008,0.0092,0.0854,0.9046
"NLA06608-1537",5.28844101416913,2.184,"meso","meso","meso",0.182,0.6602,0.1546,0.0032
"NLA06608-1538",3.58250699383884,2.616,"meso","meso","meso",0.1326,0.7876,0.0692,0.0106
"NLA06608-1544",45.2361479616571,26.64,"hyper","hyper","eu",0.0016,0.0246,0.548,0.4258
"NLA06608-1556",23.7975650705034,5.387,"eu","eu","meso",0.0108,0.5712,0.2304,0.1876
"NLA06608-1558",3.38755392759709,2.976,"meso","meso","meso",0.1648,0.7412,0.0862,0.0078
"NLA06608-1560",19.278918621061,27.467,"eu","eu","eu",0.003,0.041,0.699,0.257
"NLA06608-1561",4.84270619330306,3.235,"meso","meso","meso",0.0296,0.8668,0.086,0.0176
"NLA06608-1562",3.82753659259355,2.944,"meso","meso","meso",0.1094,0.7994,0.082,0.0092
"NLA06608-1564",41.5185875647432,12.8,"eu","hyper","eu",0.0032,0.034,0.701,0.2618
"NLA06608-1568",12.161172853729,11.491,"eu","eu","eu",0.0232,0.1134,0.784,0.0794
"NLA06608-1569",51.4474237455818,19.467,"eu","hyper","eu",0.0014,0.0232,0.6794,0.296
"NLA06608-1572",15.9551131032688,4.453,"eu","eu","meso",0.0176,0.6678,0.209,0.1056
"NLA06608-1575",44.458427390247,88.2,"hyper","hyper","hyper",0.0024,0.0428,0.1058,0.849
"NLA06608-1576",36.9974753197078,68.4,"hyper","hyper","hyper",0.001,0.0238,0.1178,0.8574
"NLA06608-1577",5.57628771672077,4.32,"meso","meso","meso",0.0408,0.8052,0.1294,0.0246
"NLA06608-1578",7.0445026336407,23.36,"eu","eu","eu",0.0704,0.1356,0.6748,0.1192
"NLA06608-1579",5.64110097241489,2.26,"meso","meso","meso",0.103,0.789,0.08,0.028
"NLA06608-1586",3.73814122341752,2.96,"meso","meso","meso",0.085,0.8452,0.0658,0.004
"NLA06608-1593",12.7977708647081,6.336,"eu","eu","meso",0.031,0.5696,0.2632,0.1362
"NLA06608-1595",18.8896158826557,5.003,"eu","eu","meso",0.0486,0.6556,0.1364,0.1594
"NLA06608-1600",2.73671864927125,13.008,"meso","meso","eu",0.167,0.2022,0.5892,0.0416
"NLA06608-1602",4.36508424990177,4.245,"meso","meso","meso",0.107,0.7092,0.1712,0.0126
"NLA06608-1608",33.458693753488,31.52,"hyper","hyper","hyper",0,0.0104,0.4074,0.5822
"NLA06608-1610",2.9213800628865,0.502,"oligo","meso","oligo",0.7846,0.1456,0.06,0.0098
"NLA06608-1617",3.05973720406392,7.248,"meso","meso","eu",0.1576,0.3278,0.507,0.0076
"NLA06608-1623",23.7341885421303,24.16,"eu","eu","eu",0.0014,0.0452,0.7454,0.208
"NLA06608-1630",16.4176605953107,21.44,"eu","eu","eu",0.0152,0.0584,0.7888,0.1376
"NLA06608-1631",4.95661164790071,27.576,"eu","meso","eu",0.0628,0.1898,0.6644,0.083
"NLA06608-1633",2.40729626734544,1.52,"oligo","meso","oligo",0.741,0.1892,0.0582,0.0116
"NLA06608-1637",3.85023790130452,19.872,"eu","meso","eu",0.0692,0.2512,0.6552,0.0244
"NLA06608-1638",1.57419184276407,0.23,"oligo","oligo","oligo",0.8674,0.0622,0.068,0.0024
"NLA06608-1640",6.00341386323242,23.2,"eu","meso","eu",0.0596,0.1588,0.7262,0.0554
"NLA06608-1641",5.49363692270106,5.66,"meso","meso","meso",0.049,0.6564,0.2896,0.005
"NLA06608-1643",4.69429992110527,3.168,"meso","meso","meso",0.021,0.9034,0.066,0.0096
"NLA06608-1652",17.782840209262,57.2,"hyper","eu","hyper",0.007,0.059,0.2308,0.7032
"NLA06608-1654",3.93911726549265,4.48,"meso","meso","meso",0.0726,0.817,0.1014,0.009
"NLA06608-1655",21.3181677093421,542.4,"hyper","eu","hyper",0.002,0.0874,0.1392,0.7714
"NLA06608-1668",5.50011942833759,18.72,"eu","meso","eu",0.0666,0.1628,0.7406,0.03
"NLA06608-1672",15.168106711261,100.512,"hyper","eu","hyper",0.0144,0.0712,0.1906,0.7238
"NLA06608-1674",3.01284202152374,2.32,"meso","meso","meso",0.315,0.5828,0.086,0.0162
"NLA06608-1675",3.20107805002449,3.008,"meso","meso","meso",0.1428,0.7802,0.0686,0.0084
"NLA06608-1679",5.86060251327,3.12,"meso","meso","meso",0.0336,0.8288,0.1184,0.0192
"NLA06608-1684",24.6711639801438,22.629,"eu","eu","eu",0.0016,0.0396,0.7298,0.229
"NLA06608-1687",23.4123842066976,7.52,"eu","eu","eu",0.0076,0.3184,0.498,0.176
"NLA06608-1690",5.23563061700927,4.632,"meso","meso","meso",0.0798,0.741,0.1504,0.0288
"NLA06608-1695",2.69746498936217,2.288,"meso","meso","meso",0.274,0.6734,0.0482,0.0044
"NLA06608-1703",59.9141313751683,32.04,"hyper","hyper","hyper",0.0022,0.0318,0.2388,0.7272
"NLA06608-1704",19.3702152904381,32.544,"eu","eu","hyper",0.0058,0.064,0.3328,0.5974
"NLA06608-1706",7.64245240096696,2.315,"meso","eu","meso",0.1202,0.724,0.0912,0.0646
"NLA06608-1707",7.5869899732723,3.288,"meso","eu","meso",0.0284,0.7848,0.1466,0.0402
"NLA06608-1711",4.39890725694872,4.32,"meso","meso","meso",0.0838,0.7902,0.1028,0.0232
"NLA06608-1715",20.9997647737252,8.8,"eu","eu","eu",0.018,0.1188,0.7372,0.126
"NLA06608-1717",2.48860379403865,0.878,"oligo","meso","oligo",0.8264,0.1216,0.0344,0.0176
"NLA06608-1719",17.3256483031331,314.609,"hyper","eu","hyper",0.005,0.0762,0.1678,0.751
"NLA06608-1723",7.96512450158771,2.824,"meso","eu","meso",0.091,0.7244,0.1224,0.0622
"NLA06608-1724",28.0117443525395,55.28,"hyper","eu","hyper",0.0032,0.0538,0.119,0.824
"NLA06608-1733",25.9289206699656,167.04,"hyper","eu","hyper",0.0054,0.0428,0.116,0.8358
"NLA06608-1735",18.917130788356,62,"hyper","eu","hyper",0.0102,0.052,0.2006,0.7372
"NLA06608-1736",62.72591590441,38.2,"hyper","hyper","hyper",0.0002,0.0068,0.1402,0.8528
"NLA06608-1739",1.51430651352776,2.23,"oligo","oligo","meso",0.3704,0.6054,0.0224,0.0018
"NLA06608-1740",43.1580026406806,27.132,"hyper","hyper","eu",0.0006,0.0162,0.5786,0.4046
"NLA06608-1741",35.0502154334928,116.4,"hyper","hyper","hyper",0.0036,0.0224,0.0874,0.8866
"NLA06608-1742",4.89223342894975,3.372,"meso","meso","meso",0.0546,0.8168,0.122,0.0066
"NLA06608-1748",1.35161846807861,1.035,"oligo","oligo","oligo",0.8652,0.1162,0.0184,0.0002
"NLA06608-1753",1.55123834094899,1.064,"oligo","oligo","oligo",0.8618,0.1184,0.017,0.0028
"NLA06608-1755",13.2790489221754,12.6,"eu","eu","eu",0.01,0.1394,0.7332,0.1174
"NLA06608-1758",2.18763301450754,3.064,"meso","meso","meso",0.198,0.7752,0.0252,0.0016
"NLA06608-1771",6.04403226613639,4.032,"meso","meso","meso",0.0304,0.8118,0.1458,0.012
"NLA06608-1775",7.63640370181607,23,"eu","eu","eu",0.0428,0.1496,0.714,0.0936
"NLA06608-1781",4.30292438280977,14.56,"eu","meso","eu",0.141,0.1438,0.6514,0.0638
"NLA06608-1782",7.06591398409908,17.44,"eu","eu","eu",0.029,0.1946,0.7254,0.051
"NLA06608-1789",5.46196405705759,1.349,"meso","meso","oligo",0.6174,0.2508,0.111,0.0208
"NLA06608-1791",7.48528125535211,1.627,"meso","eu","oligo",0.536,0.298,0.1036,0.0624
"NLA06608-1793",2.44368362804745,5.448,"meso","meso","meso",0.1666,0.6722,0.1602,0.001
"NLA06608-1800",29.508918518258,43.632,"hyper","eu","hyper",0.0004,0.024,0.1938,0.7818
"NLA06608-1802",11.6295289073786,5.296,"eu","eu","meso",0.0142,0.6372,0.296,0.0526
"NLA06608-1804",8.61561185704354,25.47,"eu","eu","eu",0.0272,0.1452,0.697,0.1306
"NLA06608-1808",22.9431145013447,24.8,"eu","eu","eu",0.002,0.0788,0.6838,0.2354
"NLA06608-1810",10.4139617127527,14.8,"eu","eu","eu",0.0408,0.1312,0.7328,0.0952
"NLA06608-1811",9.06213652894599,7.573,"eu","eu","eu",0.0082,0.3854,0.558,0.0484
"NLA06608-1812",10.3035689694375,13.68,"eu","eu","eu",0.0288,0.1386,0.7676,0.065
"NLA06608-1818",2.12602532876296,0.68,"oligo","meso","oligo",0.7854,0.2008,0.0124,0.0014
"NLA06608-1821",20.8433346430598,197,"hyper","eu","hyper",0.0062,0.09,0.1066,0.7972
"NLA06608-1824",8.64933861533173,25.143,"eu","eu","eu",0.0352,0.1396,0.7204,0.1048
"NLA06608-1825",38.0141207183994,16.2,"eu","hyper","eu",0.0016,0.0164,0.7324,0.2496
"NLA06608-1835",7.08097628611292,2.02,"meso","eu","meso",0.282,0.5674,0.0704,0.0802
"NLA06608-1836",34.7030101735767,115.56,"hyper","hyper","hyper",0.0076,0.0558,0.09,0.8466
"NLA06608-1839",21.7066478363149,12.533,"eu","eu","eu",0.0014,0.0302,0.8682,0.1002
"NLA06608-1840",27.1147166786513,72,"hyper","eu","hyper",0.0044,0.0402,0.146,0.8094
"NLA06608-1851",7.58640988808114,6.05,"meso","eu","meso",0.0526,0.677,0.2086,0.0618
"NLA06608-1856",7.35390897641779,5.184,"meso","eu","meso",0.0984,0.6392,0.1914,0.071
"NLA06608-1857",4.74445325188153,1.248,"meso","meso","oligo",0.677,0.1892,0.1142,0.0196
"NLA06608-1861",18.9360562976213,55.32,"hyper","eu","hyper",0.003,0.0542,0.2162,0.7266
"NLA06608-1862",4.8127863067114,7.6,"meso","meso","eu",0.104,0.3404,0.5166,0.039
"NLA06608-1863",21.8026598861158,61.44,"hyper","eu","hyper",0.0002,0.0098,0.3022,0.6878
"NLA06608-1866",4.16501394581454,4.357,"meso","meso","meso",0.113,0.7622,0.0988,0.026
"NLA06608-1867",10.3803720648326,52.704,"eu","eu","hyper",0.006,0.1764,0.1834,0.6342
"NLA06608-1868",8.82820480837471,9,"eu","eu","eu",0.0146,0.219,0.728,0.0384
"NLA06608-1871",5.97642979886171,3.096,"meso","meso","meso",0.061,0.789,0.1238,0.0262
"NLA06608-1873",0.716303967107105,0.464,"oligo","oligo","oligo",0.9214,0.0584,0.0184,0.0018
"NLA06608-1874",2.60405572401818,3.56,"meso","meso","meso",0.1594,0.7936,0.0416,0.0054
"NLA06608-1879",50.4829494679035,109.662,"hyper","hyper","hyper",0,0.0226,0.0808,0.8966
"NLA06608-1884",30.2915514814448,25.44,"eu","hyper","eu",0.0022,0.0476,0.6496,0.3006
"NLA06608-1893",7.21541726678114,6.94,"eu","eu","meso",0.0436,0.5092,0.4234,0.0238
"NLA06608-1894",2.03405905886546,0.446,"oligo","meso","oligo",0.8118,0.0778,0.1066,0.0038
"NLA06608-1906",5.73306247102523,2.104,"meso","meso","meso",0.1398,0.7292,0.1256,0.0054
"NLA06608-1908",6.8893695972885,0.944,"meso","meso","oligo",0.6296,0.228,0.096,0.0464
"NLA06608-1910",4.21532670221261,22.24,"eu","meso","eu",0.0428,0.2236,0.7258,0.0078
"NLA06608-1930",11.4204286610124,1.482,"meso","eu","oligo",0.5584,0.2268,0.1224,0.0924
"NLA06608-1936",17.3172383711399,31.4,"eu","eu","hyper",0.006,0.0748,0.3676,0.5516
"NLA06608-1948",63.9171144833528,20.88,"hyper","hyper","eu",0.0036,0.0216,0.5502,0.4246
"NLA06608-1953",1.08182712885929,9.173,"meso","oligo","eu",0.2816,0.262,0.4564,0
"NLA06608-1958",0.607629960525799,0.668,"oligo","oligo","oligo",0.9404,0.0396,0.0198,0.0002
"NLA06608-1959",41.3902390284689,17.486,"eu","hyper","eu",0.001,0.0372,0.714,0.2478
"NLA06608-1960",11.2564142169079,14.848,"eu","eu","eu",0.0154,0.1314,0.7772,0.076
"NLA06608-1968",5.52537391884765,94.933,"eu","meso","hyper",0.0856,0.1408,0.144,0.6296
"NLA06608-1975",73.5275380134417,4.981,"eu","hyper","meso",0.0006,0.4716,0.2334,0.2944
"NLA06608-1985",1.34397995374862,0.664,"oligo","oligo","oligo",0.8666,0.0922,0.0358,0.0054
"NLA06608-1989",6.13845634926539,17.12,"eu","meso","eu",0.0364,0.2084,0.7226,0.0326
"NLA06608-1992",31.3856094621135,104.4,"hyper","hyper","hyper",0.0042,0.0284,0.1418,0.8256
"NLA06608-1998",2.77143082121681,3.323,"meso","meso","meso",0.1376,0.823,0.0378,0.0016
"NLA06608-2005",6.18790729640767,194.4,"hyper","meso","hyper",0.0542,0.1756,0.1432,0.627
"NLA06608-2007",18.1605728015302,6.72,"eu","eu","meso",0.0178,0.5792,0.2586,0.1444
"NLA06608-2010",13.9842366606546,14.304,"eu","eu","eu",0.0106,0.104,0.8078,0.0776
"NLA06608-2027",2.56495481134118,3.952,"meso","meso","meso",0.133,0.8218,0.044,0.0012
"NLA06608-2036",25.0792022039711,4.408,"eu","eu","meso",0.0026,0.6176,0.1832,0.1966
"NLA06608-2037",3.50514707620548,19.2,"eu","meso","eu",0.1648,0.122,0.641,0.0722
"NLA06608-2039",61.9825065001851,338.4,"hyper","hyper","hyper",0.0006,0.0086,0.0656,0.9252
"NLA06608-2049",2.98304642244827,1.415,"oligo","meso","oligo",0.7434,0.1622,0.0832,0.0112
"NLA06608-2056",35.3717053308235,92.16,"hyper","hyper","hyper",0.0006,0.0284,0.1216,0.8494
"NLA06608-2072",24.1793733174137,105.84,"hyper","eu","hyper",0.0034,0.0296,0.1896,0.7774
"NLA06608-2074",18.8528380840535,61.091,"hyper","eu","hyper",0.0032,0.0576,0.209,0.7302
"NLA06608-2076",9.01593275644286,3.59,"meso","eu","meso",0.0268,0.7526,0.175,0.0456
"NLA06608-2078",4.11486469249678,8.64,"meso","meso","eu",0.067,0.3146,0.6178,0.0006
"NLA06608-2082",4.3536852667404,3.568,"meso","meso","meso",0.1428,0.7208,0.0956,0.0408
"NLA06608-2086",2.80279665552118,1.592,"oligo","meso","oligo",0.7104,0.2352,0.0524,0.002
"NLA06608-2087",14.9649159247722,64.512,"hyper","eu","hyper",0.0138,0.1296,0.164,0.6926
"NLA06608-2091",18.7743690302754,20.43,"eu","eu","eu",0.0008,0.0212,0.896,0.082
"NLA06608-2092",55.0883295436874,84.96,"hyper","hyper","hyper",0,0.0084,0.0488,0.9428
"NLA06608-2094",14.5560300049112,20.64,"eu","eu","eu",0.02,0.079,0.7906,0.1104
"NLA06608-2095",5.25990642335352,2.888,"meso","meso","meso",0.0956,0.773,0.1098,0.0216
"NLA06608-2103",40.09148121171,8.133,"eu","hyper","eu",0.0044,0.1874,0.5806,0.2276
"NLA06608-2114",4.24282954313803,3.408,"meso","meso","meso",0.0948,0.7934,0.1,0.0118
"NLA06608-2117",28.2452337085083,149.6,"hyper","eu","hyper",0.0002,0.038,0.1656,0.7962
"NLA06608-2120",7.41263308368366,13.472,"eu","eu","eu",0.016,0.1978,0.7472,0.039
"NLA06608-2123",71.5021766057306,166.629,"hyper","hyper","hyper",0.0038,0.0316,0.0404,0.9242
"NLA06608-2131",12.5672823265424,13.44,"eu","eu","eu",0.0064,0.2084,0.6616,0.1236
"NLA06608-2134",8.53740871269341,6.149,"eu","eu","meso",0.0752,0.5772,0.2656,0.082
"NLA06608-2135",39.4138897711888,15.216,"eu","hyper","eu",0.0036,0.0514,0.6688,0.2762
"NLA06608-2152",6.51116299344816,23.832,"eu","meso","eu",0.0382,0.1452,0.7566,0.06
"NLA06608-2154",17.3351153740202,46.4,"hyper","eu","hyper",0.0074,0.059,0.2732,0.6604
"NLA06608-2155",5.84643183440158,1.464,"meso","meso","oligo",0.5466,0.347,0.064,0.0424
"NLA06608-2162",4.47167057027154,3.744,"meso","meso","meso",0.0572,0.8364,0.1046,0.0018
"NLA06608-2170",2.80127724493664,3.96,"meso","meso","meso",0.146,0.7756,0.0684,0.01
"NLA06608-2177",1.86883488585862,1.389,"oligo","oligo","oligo",0.8404,0.11,0.049,0.0006
"NLA06608-2185",2.60893775271326,4.2,"meso","meso","meso",0.1992,0.7236,0.0664,0.0108
"NLA06608-2187",6.86385892114866,14.96,"eu","meso","eu",0.0634,0.1382,0.756,0.0424
"NLA06608-2193",7.13227798115996,1.664,"meso","eu","oligo",0.5692,0.2276,0.1784,0.0248
"NLA06608-2196",6.89591845284734,3.376,"meso","meso","meso",0.0994,0.737,0.089,0.0746
"NLA06608-2217",3.05336395417837,2.787,"meso","meso","meso",0.1414,0.7576,0.1006,0.0004
"NLA06608-2219",6.39203707979633,20.52,"eu","meso","eu",0.0262,0.1924,0.7594,0.022
"NLA06608-2241",3.5658013671863,1.128,"oligo","meso","oligo",0.7198,0.182,0.0902,0.008
"NLA06608-2250",1.8250062798127,0.701,"oligo","oligo","oligo",0.8466,0.1202,0.033,0.0002
"NLA06608-2253",57.4590612935109,30.08,"hyper","hyper","hyper",0.0012,0.0174,0.2112,0.7702
"NLA06608-2257",5.37888132527946,1.911,"meso","meso","oligo",0.4324,0.4054,0.1548,0.0074
"NLA06608-2266",2.66005286847314,1.624,"oligo","meso","oligo",0.6912,0.2474,0.0486,0.0128
"NLA06608-2267",13.3719130767119,8.5,"eu","eu","eu",0.0188,0.2242,0.6172,0.1398
"NLA06608-2283",9.55541354120937,3.426,"meso","eu","meso",0.0076,0.77,0.1678,0.0546
"NLA06608-2305",2.88179134220968,6.537,"meso","meso","meso",0.132,0.6512,0.2154,0.0014
"NLA06608-2322",3.39070207810768,3.568,"meso","meso","meso",0.098,0.8248,0.0716,0.0056
"NLA06608-2332",19.5748438175017,14.288,"eu","eu","eu",0.0068,0.052,0.817,0.1242
"NLA06608-2333",32.5494107743372,68.88,"hyper","hyper","hyper",0.001,0.0174,0.142,0.8396
"NLA06608-2345",3.89335311786601,3.04,"meso","meso","meso",0.0896,0.8262,0.0688,0.0154
"NLA06608-2354",6.14261999637094,7.776,"eu","meso","eu",0.071,0.297,0.6084,0.0236
"NLA06608-2372",5.16306608112735,4.837,"meso","meso","meso",0.0442,0.7822,0.1602,0.0134
"NLA06608-2379",6.52278683678676,1.416,"meso","meso","oligo",0.6346,0.2036,0.1124,0.0494
"NLA06608-2418",4.69956484552998,24.32,"eu","meso","eu",0.0664,0.1894,0.7134,0.0308
"NLA06608-2426",4.18972936541717,69.6,"eu","meso","hyper",0.1046,0.1582,0.1382,0.599
"NLA06608-2429",2.35841117399473,2.448,"meso","meso","meso",0.2714,0.6802,0.0456,0.0028
"NLA06608-2438",6.49867525056553,4.64,"meso","meso","meso",0.053,0.7476,0.1716,0.0278
"NLA06608-2450",3.69059324305371,0.904,"oligo","meso","oligo",0.7582,0.1136,0.1034,0.0248
"NLA06608-2453",6.76522516260583,4.593,"meso","meso","meso",0.0632,0.7312,0.171,0.0346
"NLA06608-2457",3.23767375160512,3.688,"meso","meso","meso",0.1162,0.7964,0.0814,0.006
"NLA06608-2463",3.01403786900952,1.576,"meso","meso","oligo",0.6864,0.257,0.0524,0.0042
"NLA06608-2477",7.54891914208829,1.832,"meso","eu","oligo",0.4106,0.4156,0.1384,0.0354
"NLA06608-2481",3.16000372172251,0.952,"oligo","meso","oligo",0.7296,0.1582,0.1062,0.006
"NLA06608-2492",22.6035643658738,19.36,"eu","eu","eu",0.0022,0.0286,0.832,0.1372
"NLA06608-2497",3.31212003877875,20.914,"eu","meso","eu",0.1044,0.1874,0.6912,0.017
"NLA06608-2507",30.0367434033932,38.016,"hyper","hyper","hyper",0.0008,0.0368,0.1842,0.7782
"NLA06608-2513",9.02004322920842,3.541,"meso","eu","meso",0.053,0.6848,0.2284,0.0338
"NLA06608-2523",6.55946493873041,13.5,"eu","meso","eu",0.0312,0.2064,0.7138,0.0486
"NLA06608-2524",61.5158348233639,41.904,"hyper","hyper","hyper",0.0008,0.0046,0.091,0.9036
"NLA06608-2565",20.1067967785092,7.096,"eu","eu","eu",0.003,0.2312,0.6322,0.1336
"NLA06608-2566",4.94528200875717,4.432,"meso","meso","meso",0.0738,0.765,0.1522,0.009
"NLA06608-2593",31.1306964501951,38.2,"hyper","hyper","hyper",0.0024,0.0302,0.2662,0.7012
"NLA06608-2629",28.2083916702079,27.16,"eu","eu","eu",0.002,0.056,0.5596,0.3824
"NLA06608-2634",2.41129393141629,1.17,"oligo","meso","oligo",0.7418,0.2108,0.047,0.0004
"NLA06608-2640",21.5819678639762,25.12,"eu","eu","eu",0.0026,0.0406,0.7314,0.2254
"NLA06608-2644",12.5074195491341,4.427,"meso","eu","meso",0.0254,0.6864,0.196,0.0922
"NLA06608-2655",4.77071266639403,29.457,"eu","meso","eu",0.076,0.1668,0.6632,0.094
"NLA06608-2657",38.7945598368126,20.6,"eu","hyper","eu",0.0014,0.0248,0.6694,0.3044
"NLA06608-2663",34.9971480642467,2.032,"eu","hyper","meso",0.0386,0.58,0.1692,0.2122
"NLA06608-2673",0.92570870742306,1.331,"oligo","oligo","oligo",0.917,0.0624,0.0202,0.0004
"NLA06608-2685",2.30884486344642,2.432,"meso","meso","meso",0.2598,0.684,0.056,0.0002
"NLA06608-2696",18.1029869906191,41.76,"hyper","eu","hyper",0.0224,0.0614,0.2114,0.7048
"NLA06608-2704",12.9004146773147,25.88,"eu","eu","eu",0.0408,0.07,0.721,0.1682
"NLA06608-2708",9.65726972379228,5.16,"meso","eu","meso",0.0292,0.7454,0.141,0.0844
"NLA06608-2714",3.74846924487683,9.067,"meso","meso","eu",0.0958,0.2858,0.605,0.0134
"NLA06608-2715",19.6156356439655,4.752,"eu","eu","meso",0.013,0.5828,0.282,0.1222
"NLA06608-2726",1.47841253288119,1.179,"oligo","oligo","oligo",0.8524,0.0946,0.0514,0.0016
"NLA06608-2740",15.9566003798556,11.368,"eu","eu","eu",0.01,0.1138,0.7714,0.1048
"NLA06608-2753",5.04560191747583,3.392,"meso","meso","meso",0.127,0.7296,0.1044,0.039
"NLA06608-2759",10.6005213349412,1.116,"meso","eu","oligo",0.5534,0.2128,0.1562,0.0776
"NLA06608-2776",18.5469229616346,13.856,"eu","eu","eu",0.0102,0.0702,0.7592,0.1604
"NLA06608-2779",9.03081459683685,6,"eu","eu","meso",0.0038,0.6392,0.318,0.039
"NLA06608-2797",6.44907060422017,2.016,"meso","meso","meso",0.2422,0.5874,0.1526,0.0178
"NLA06608-2800",2.19996400074598,2.411,"meso","meso","meso",0.304,0.6304,0.0476,0.018
"NLA06608-2801",9.36592467252395,6.816,"eu","eu","meso",0.0664,0.515,0.3286,0.09
"NLA06608-2823",26.8229006393365,24.32,"eu","eu","eu",0.0004,0.014,0.8138,0.1718
"NLA06608-2824",29.1791187501569,25.28,"eu","eu","eu",0.011,0.0532,0.6704,0.2654
"NLA06608-2831",13.1783258844831,37.6,"eu","eu","hyper",0.0086,0.0982,0.2936,0.5996
"NLA06608-2833",3.39616480540107,3.061,"meso","meso","meso",0.1486,0.7438,0.0958,0.0118
"NLA06608-2874",2.76474343102572,3.94,"meso","meso","meso",0.1802,0.7084,0.0842,0.0272
"NLA06608-2881",1.60178022381929,0.886,"oligo","oligo","oligo",0.8584,0.1008,0.0332,0.0076
"NLA06608-2889",2.10203383911558,1.772,"oligo","meso","oligo",0.724,0.215,0.0576,0.0034
"NLA06608-2891",11.8116083515239,7.2,"eu","eu","eu",0.0128,0.3572,0.5264,0.1036
"NLA06608-2916",17.2691820212899,1.984,"meso","eu","oligo",0.2736,0.4742,0.11,0.1422
"NLA06608-2924",9.64461967358147,12.64,"eu","eu","eu",0.0396,0.1308,0.7772,0.0524
"NLA06608-2954",9.9909110201152,136.656,"hyper","eu","hyper",0.08,0.0924,0.0972,0.7304
"NLA06608-2955",14.3247615022253,32.976,"eu","eu","hyper",0.0158,0.0758,0.3496,0.5588
"NLA06608-2972",44.842406786189,145,"hyper","hyper","hyper",0.0122,0.0406,0.08,0.8672
"NLA06608-2987",7.77419214356842,15.184,"eu","eu","eu",0.0196,0.1884,0.7398,0.0522
"NLA06608-2996",21.7148524489037,16.64,"eu","eu","eu",0.0022,0.0384,0.8092,0.1502
"NLA06608-3032",19.5700421337396,44.928,"hyper","eu","hyper",0.007,0.0532,0.2194,0.7204
"NLA06608-3035",9.28514123134725,3.251,"meso","eu","meso",0.0806,0.7174,0.1076,0.0944
"NLA06608-3083",15.2987597963792,20.64,"eu","eu","eu",0.0128,0.0528,0.822,0.1124
"NLA06608-3096",24.4972930717606,9.867,"eu","eu","eu",0.0056,0.0486,0.7942,0.1516
"NLA06608-3121",0.763077313554684,14.64,"meso","oligo","eu",0.2962,0.1424,0.5594,0.002
"NLA06608-3147",13.6612697667943,37.656,"eu","eu","hyper",0.0056,0.124,0.2164,0.654
"NLA06608-3153",2.35869720470555,1.499,"oligo","meso","oligo",0.7524,0.161,0.0818,0.0048
"NLA06608-3157",1.69117748143756,2.208,"oligo","oligo","meso",0.3978,0.5568,0.0432,0.0022
"NLA06608-3160",32.1113540011956,271.44,"hyper","hyper","hyper",0.0012,0.0206,0.134,0.8442
"NLA06608-3169",34.3977447868947,54.432,"hyper","hyper","hyper",0.0018,0.0576,0.1566,0.784
"NLA06608-3228",16.7089759061418,8.704,"eu","eu","eu",0.0126,0.1188,0.7512,0.1174
"NLA06608-3265",2.60008947317257,1.768,"meso","meso","oligo",0.6944,0.2236,0.0774,0.0046
"NLA06608-3303",19.8427313146535,35.424,"eu","eu","hyper",0.0092,0.0734,0.2478,0.6696
"NLA06608-3313",13.764173010994,7.728,"eu","eu","eu",0.0482,0.227,0.5938,0.131
"NLA06608-3320",14.2211165917096,19.067,"eu","eu","eu",0.0086,0.075,0.8294,0.087
"NLA06608-3329",1.87860122925521,3.704,"meso","oligo","meso",0.245,0.6784,0.0756,0.001
"NLA06608-3480",11.8107565606879,38.88,"eu","eu","hyper",0.0052,0.1178,0.3018,0.5752
"NLA06608-3484",27.2682959369558,83.5,"hyper","eu","hyper",0.0154,0.0734,0.1244,0.7868
"NLA06608-3608",31.3710484790444,52.848,"hyper","hyper","hyper",0.0028,0.0298,0.1828,0.7846
"NLA06608-3616",12.5308054526967,1.688,"meso","eu","oligo",0.4534,0.2748,0.217,0.0548
"NLA06608-3644",58.0679694610999,19.2,"hyper","hyper","eu",0.0058,0.0168,0.5958,0.3816
"NLA06608-3656",42.4078947880714,428,"hyper","hyper","hyper",0.0144,0.028,0.0802,0.8774
"NLA06608-3660",56.4990310906195,5.25,"eu","hyper","meso",0.0008,0.436,0.289,0.2742
"NLA06608-3698",3.64646340174107,4.592,"meso","meso","meso",0.053,0.8784,0.0652,0.0034
"NLA06608-3846",5.64620910654525,0.896,"oligo","meso","oligo",0.6542,0.2038,0.1338,0.0082
"NLA06608-3890",3.19374657356838,2.768,"meso","meso","meso",0.1456,0.8008,0.0482,0.0054
"NLA06608-3911",41.0566029335982,29.12,"hyper","hyper","eu",0.0034,0.0238,0.4734,0.4994
"NLA06608-4056",17.2952634177451,8.08,"eu","eu","eu",0.0088,0.2028,0.6608,0.1276
"NLA06608-4064",7.8392311097352,10.187,"eu","eu","eu",0.0688,0.1962,0.6738,0.0612
"NLA06608-4206",16.7874442027037,66.96,"hyper","eu","hyper",0.0122,0.0898,0.157,0.741
"NLA06608-4252",2.29728527499497,1.472,"oligo","meso","oligo",0.7706,0.2022,0.0262,0.001
"NLA06608-4320",19.3636822971158,2.504,"meso","eu","meso",0.0292,0.6468,0.19,0.134
"NLA06608-4382",18.4757563395235,12.08,"eu","eu","eu",0.001,0.0828,0.7752,0.141
"NLA06608-4413",4.46442649263835,2.56,"meso","meso","meso",0.1036,0.7922,0.1032,0.001
"NLA06608-4414",9.028242805483,12.1,"eu","eu","eu",0.023,0.1618,0.7734,0.0418
"NLA06608-4440",19.4743060628592,34.2,"eu","eu","hyper",0.0038,0.0564,0.3186,0.6212
"NLA06608-4472",13.7355028522029,29.4,"eu","eu","eu",0.0122,0.0822,0.6006,0.305
"NLA06608-4504",9.27302460997831,18.514,"eu","eu","eu",0.01,0.1318,0.8218,0.0364
"NLA06608-4610",7.064635482473,5.383,"meso","eu","meso",0.0328,0.7148,0.2326,0.0198
"NLA06608-4643",9.76920489084213,13.834,"eu","eu","eu",0.0066,0.1376,0.8246,0.0312
"NLA06608-4650",36.9938629666199,26.08,"hyper","hyper","eu",0,0.0124,0.6516,0.336
"NLA06608-4659",20.5461220664188,76.32,"hyper","eu","hyper",0.0124,0.0544,0.1782,0.755
"NLA06608-4686",25.0480911848582,16.8,"eu","eu","eu",0.0004,0.0238,0.8452,0.1306
"NLA06608-4698",34.4134608359741,104.4,"hyper","hyper","hyper",0,0.028,0.1322,0.8398
"NLA06608-4828",19.0452064431594,4.617,"eu","eu","meso",0.0026,0.5682,0.2838,0.1454
"NLA06608-4929",9.7184578666043,38.304,"eu","eu","hyper",0.0338,0.1288,0.2922,0.5452
"NLA06608-9999",1.89733321269599,1.024,"oligo","oligo","oligo",0.8044,0.1662,0.0278,0.0016
"NLA06608-ACAD_LAKES_0435",2.69964333643267,1.04,"oligo","meso","oligo",0.7676,0.1788,0.05,0.0036
"NLA06608-ALPS-1218",7.32460580819876,1.085,"meso","eu","oligo",0.654,0.1646,0.1258,0.0556
"NLA06608-ALSC:020149",2.61659350041085,3.269,"meso","meso","meso",0.1464,0.816,0.0358,0.0018
"NLA06608-ELS:1C2-032",3.44109518338609,14.184,"eu","meso","eu",0.0828,0.2686,0.6466,0.002
"NLA06608-ELS:1C3-003",2.94496414104702,2.72,"meso","meso","meso",0.1658,0.7662,0.0662,0.0018
"NLA06608-ELS:1D1-035",8.26607277675928,31.36,"eu","eu","hyper",0.0378,0.1156,0.4014,0.4452
"NLA06608-ELS:1E1-052",2.4539181972066,1.672,"oligo","meso","oligo",0.7048,0.2596,0.035,0.0006
"NLA06608-ELS:1E1-096",3.65064630387513,2.912,"meso","meso","meso",0.1098,0.809,0.078,0.0032
"NLA06608-ELS:1E1-128",1.84097258544083,3.152,"meso","oligo","meso",0.2602,0.7178,0.0216,0.0004
"NLA06608-ELS:1E2-027",2.77766665789794,7.936,"meso","meso","eu",0.1014,0.4422,0.4554,0.001
"NLA06608-ELS:1E3-002",3.57491746464964,11.408,"eu","meso","eu",0.1018,0.221,0.6688,0.0084
"NLA06608-ELS:1E3-012",1.13859329201205,1.168,"oligo","oligo","oligo",0.925,0.067,0.008,0
"NLA06608-ELS:1E3-071",4.0226621786161,4.816,"meso","meso","meso",0.0928,0.7502,0.1546,0.0024
"NLA06608-ELS:2B2-008",4.7823050812586,3.968,"meso","meso","meso",0.0808,0.78,0.1302,0.009
"NLA06608-ELS:2C2-048",3.0956537170379,5.64,"meso","meso","meso",0.113,0.7846,0.0996,0.0028
"NLA06608-ELS:2C3-018",4.10110035972079,5.448,"meso","meso","meso",0.0702,0.7888,0.1346,0.0064
"NLA06608-ELS:2D3-008",4.98282128419269,1.113,"meso","meso","oligo",0.6296,0.252,0.1108,0.0076
"NLA06608-EMAP:ME011L",2.62648746874152,4.347,"meso","meso","meso",0.1458,0.8048,0.0486,0.0008
"NLA06608-EMAP:ME012L",1.04100024684982,0.688,"oligo","oligo","oligo",0.948,0.0474,0.0046,0
"NLA06608-EMAP:ME254L",2.95841297256347,1.749,"meso","meso","oligo",0.6248,0.3216,0.0516,0.002
"NLA06608-EMAP:ME263L",4.6842847722609,1.84,"meso","meso","oligo",0.5154,0.3634,0.1096,0.0116
"NLA06608-EMAP:ME518L",2.44854908158901,2.056,"meso","meso","meso",0.3674,0.5826,0.0488,0.0012
"NLA06608-FL:107895579",29.9012655136164,10.528,"eu","eu","eu",0.003,0.0588,0.724,0.2142
"NLA06608-FL:16674741",17.3795652419794,1.543,"meso","eu","oligo",0.412,0.2774,0.21,0.1006
"NLA06608-FL:18261987",25.2771375373533,5.28,"eu","eu","meso",0.0022,0.4902,0.361,0.1466
"NLA06608-FL:99324403",17.5662102503769,18.72,"eu","eu","eu",0.006,0.052,0.8348,0.1072
"NLA06608-FL:99344895",20.099245307039,15.886,"eu","eu","eu",0.0056,0.05,0.8146,0.1298
"NLA06608-IN:646",9.31986942651617,1.012,"meso","eu","oligo",0.5828,0.2448,0.1034,0.069
"NLA06608-MI:7007",5.64374775385512,2.747,"meso","meso","meso",0.044,0.8232,0.1134,0.0194
"NLA06608-MN:03-0029",4.14036342744043,2.666,"meso","meso","meso",0.099,0.7906,0.1066,0.0038
"NLA06608-MN:06-0002",53.6915780417366,42.264,"hyper","hyper","hyper",0.0002,0.009,0.1782,0.8126
"NLA06608-MN:11-0102",4.39543201397658,2.467,"meso","meso","meso",0.1254,0.7506,0.122,0.002
"NLA06608-MN:15-0010",2.55519852567432,2.867,"meso","meso","meso",0.1446,0.8092,0.0456,0.0006
"NLA06608-MN:22-0074",56.0960839959258,47.952,"hyper","hyper","hyper",0.0008,0.0122,0.1382,0.8488
"NLA06608-MN:49-0140",10.0411308368668,1.212,"meso","eu","oligo",0.5482,0.1922,0.2284,0.0312
"NLA06608-MN:51-0063",60.5807229179161,25.12,"hyper","hyper","eu",0.0002,0.0296,0.556,0.4142
"NLA06608-MN:56-0306",6.76739950611159,5.387,"meso","meso","meso",0.0564,0.7212,0.1782,0.0442
"NLA06608-MN:61-0037",12.0326406645451,7,"eu","eu","meso",0.023,0.5148,0.3836,0.0786
"NLA06608-MN:74-0023",59.2609628141591,13.536,"eu","hyper","eu",0.002,0.0162,0.6646,0.3172
"NLA06608-MN:75-0200",58.5580891445343,15.429,"eu","hyper","eu",0,0.0112,0.6576,0.3312
"NLA06608-MN:77-0019",4.13277142550454,12.78,"eu","meso","eu",0.133,0.1558,0.6854,0.0258
"NLA06608-MN:87-0030",50.7100181284539,40.032,"hyper","hyper","hyper",0.0002,0.0028,0.1916,0.8054
"NLA06608-NELP-0253",1.47845267708093,1.035,"oligo","oligo","oligo",0.8648,0.1098,0.0246,0.0008
"NLA06608-NELP-0955",1.00850537615398,0.824,"oligo","oligo","oligo",0.953,0.04,0.007,0
"NLA06608-NELP-1041",3.72777711725978,5.312,"meso","meso","meso",0.0864,0.794,0.1184,0.0012
"NLA06608-NELP-1330",2.18851552310165,0.816,"oligo","meso","oligo",0.807,0.1504,0.042,0.0006
"NLA06608-NELP-2155",1.47549960545858,0.728,"oligo","oligo","oligo",0.8962,0.0876,0.0158,0.0004
"NLA06608-NELP-3355",1.39088317767963,0.888,"oligo","oligo","oligo",0.9116,0.0722,0.0158,0.0004
"NLA06608-NELP-3586",1.39898525314415,1.083,"oligo","oligo","oligo",0.891,0.086,0.0218,0.0012
"NLA06608-NH250L",3.51904040460006,3.992,"meso","meso","meso",0.1196,0.789,0.086,0.0054
"NLA06608-NH4912",2.07759965849938,0.779,"oligo","meso","oligo",0.8384,0.1482,0.0114,0.002
"NLA06608-NV:2",4.22690508818403,1.288,"meso","meso","oligo",0.6498,0.2504,0.0866,0.0132
"NLA06608-NV:3",3.27503456893825,3.416,"meso","meso","meso",0.159,0.7394,0.0918,0.0098
"NLA06608-NV:4",4.87298314295376,28,"eu","meso","eu",0.0452,0.2416,0.6062,0.107
"NLA06608-OH:19",20.3518625075702,5.888,"eu","eu","meso",0.0132,0.5772,0.243,0.1666
"NLA06608-OH:22",10.9004395476137,0.996,"meso","eu","oligo",0.5494,0.2592,0.1038,0.0876
"NLA06608-R10BULLTR",1.65639757438281,0.696,"oligo","oligo","oligo",0.8532,0.1136,0.0324,0.0008
"NLA06608-R10CAPEHO",1.27287817394231,0.676,"oligo","oligo","oligo",0.8822,0.0918,0.0252,0.0008
"NLA06608-R10CHARLT",0.873022706707892,0.199,"oligo","oligo","oligo",0.9424,0.049,0.0084,0.0002
"NLA06608-R10COUNCI",1.56610958433206,0.684,"oligo","oligo","oligo",0.8746,0.0688,0.0564,0.0002
"NLA06608-R10DEERLA",0.852897322558986,0.652,"oligo","oligo","oligo",0.908,0.055,0.0362,0.0008
"NLA06608-R10FISHLA",2.88192868920097,7.787,"meso","meso","eu",0.1392,0.3406,0.5152,0.005
"NLA06608-R10FOURMI",0.636023359982109,2.736,"oligo","oligo","meso",0.421,0.5548,0.0238,0.0004
"NLA06608-R10RAINYL",0.976986597243006,0.532,"oligo","oligo","oligo",0.914,0.048,0.0374,0.0006
"NLA06608-R10SQUAWL",1.75460512620732,0.656,"oligo","oligo","oligo",0.8416,0.1186,0.0356,0.0042
"NLA06608-R10ULAKE",4.60884664494388,6.04,"meso","meso","meso",0.1116,0.5758,0.2932,0.0194
"NLA06608-R10YELLOW",1.87865836904904,0.378,"oligo","oligo","oligo",0.8392,0.119,0.041,0.0008
"NLA06608-R31",25.320984780767,2.872,"eu","eu","meso",0.0124,0.647,0.173,0.1676
"NLA06608-R314",6.21804518611341,3.968,"meso","meso","meso",0.064,0.7086,0.2054,0.022
"NLA06608-R315",1.5156785810399,2.48,"meso","oligo","meso",0.35,0.64,0.0094,0.0006
"NLA06608-R318",3.89238037250306,5.344,"meso","meso","meso",0.098,0.7314,0.1574,0.0132
"NLA06608-R319",24.3134338954545,12.112,"eu","eu","eu",0.0008,0.0288,0.8446,0.1258
"NLA06608-R32",1.77254199163283,1.68,"oligo","oligo","oligo",0.7802,0.2002,0.0194,0.0002
"NLA06608-R322",3.6547874760068,2.032,"meso","meso","meso",0.3066,0.5866,0.0988,0.008
"NLA06608-R323",22.4959651688667,15.96,"eu","eu","eu",0.001,0.0362,0.8318,0.131
"NLA06608-R324",23.0389932348457,4.672,"eu","eu","meso",0.0032,0.5686,0.304,0.1242
"NLA06608-R326",16.520852276442,27.52,"eu","eu","eu",0.001,0.0436,0.7936,0.1618
"NLA06608-R328",2.53962789307831,2.24,"meso","meso","meso",0.2286,0.7178,0.0492,0.0044
"NLA06608-R333",19.4762977820911,8.48,"eu","eu","eu",0.0026,0.1482,0.7384,0.1108
"NLA06608-R334",4.22281922591342,8.48,"meso","meso","eu",0.0838,0.3158,0.5776,0.0228
"NLA06608-R336",2.77807015539116,12,"meso","meso","eu",0.1238,0.2734,0.5982,0.0046
"NLA06608-R34",5.02929907808625,2.51,"meso","meso","meso",0.1126,0.749,0.1222,0.0162
"NLA06608-R5:KATHRYN",4.01170313711291,4.096,"meso","meso","meso",0.0496,0.8706,0.0768,0.003
"NLA06608-R5:OTTAWA",3.69891042045089,1.048,"oligo","meso","oligo",0.7236,0.1854,0.0788,0.0122
"NLA06608-R7101",35.7033174915543,118.4,"hyper","hyper","hyper",0.0022,0.023,0.187,0.7878
"NLA06608-R7103",47.1641717057024,77.2,"hyper","hyper","hyper",0.0002,0.0202,0.1758,0.8038
"NLA06608-R7104",79.8711478387068,112.464,"hyper","hyper","hyper",0.0008,0.0108,0.0856,0.9028
"NLA06608-R7106",47.9368997344942,30.672,"hyper","hyper","hyper",0.0002,0.0286,0.316,0.6552
"NLA06608-R715",31.4095804706971,70.272,"hyper","hyper","hyper",0.0028,0.034,0.1668,0.7964
"NLA06608-R716",26.1630573301885,15.008,"eu","eu","eu",0.01,0.0952,0.6672,0.2276
"NLA06608-R723",14.6264129780471,13.872,"eu","eu","eu",0.0082,0.0944,0.8,0.0974
"NLA06608-R728",16.7065826213376,21.28,"eu","eu","eu",0.0064,0.0766,0.7566,0.1604
"NLA06608-R730",7.80706722574671,16.32,"eu","eu","eu",0.0422,0.179,0.707,0.0718
"NLA06608-R733",23.66500339245,14.256,"eu","eu","eu",0.0022,0.049,0.7658,0.183
"NLA06608-R736",18.2705473900029,11.04,"eu","eu","eu",0.0008,0.061,0.8452,0.093
"NLA06608-R746",14.599301794244,17.28,"eu","eu","eu",0.0014,0.09,0.8082,0.1004
"NLA06608-R750",9.59319292159444,35.856,"eu","eu","hyper",0.0298,0.1326,0.3194,0.5182
"NLA06608-R759",12.7001220154866,4.784,"eu","eu","meso",0.019,0.6202,0.3134,0.0474
"NLA06608-R764",13.0903368148783,7.984,"eu","eu","eu",0.0056,0.1846,0.7428,0.067
"NLA06608-R767",2.49803580869993,0.79,"oligo","meso","oligo",0.7828,0.164,0.0492,0.004
"NLA06608-R769",5.97595141798645,1.494,"meso","meso","oligo",0.5832,0.2802,0.1034,0.0332
"NLA06608-R770",3.92904302428457,2.704,"meso","meso","meso",0.149,0.7646,0.0756,0.0108
"NLA06608-R772",6.95286301624796,7.6,"eu","meso","eu",0.0574,0.3618,0.529,0.0518
"NLA06608-R775",2.65307168918775,5.36,"meso","meso","meso",0.22,0.6704,0.0914,0.0182
"NLA06608-R784",18.451689005467,6.752,"eu","eu","meso",0.0256,0.4862,0.3434,0.1448
"NLA06608-R788",83.32069643961,7.28,"eu","hyper","eu",0.0018,0.0892,0.545,0.364
"NLA06608-R791",47.3189793163125,101.25,"hyper","hyper","hyper",0.0068,0.0162,0.1122,0.8648
"NLA06608-R792",42.9922956613507,143.6,"hyper","hyper","hyper",0.0068,0.0452,0.0604,0.8876
"NLA06608-R796",48.655882567585,99.52,"hyper","hyper","hyper",0.006,0.0456,0.076,0.8724
"NLA06608-TX:10",6.17323465312368,33.552,"eu","meso","hyper",0.0478,0.12,0.423,0.4092
"NLA06608-TX:14",12.7797192985539,8.16,"eu","eu","eu",0.0446,0.1788,0.6288,0.1478
"NLA06608-TX:15",8.67494540273803,3.627,"meso","eu","meso",0.029,0.721,0.2156,0.0344
"NLA06608-TX:19",33.3773561032263,8.427,"eu","hyper","eu",0.0024,0.0972,0.6828,0.2176
"NLA06608-TX:22",24.1445917307051,109.833,"hyper","eu","hyper",0.0016,0.0266,0.1868,0.785
"NLA06608-TX:27",7.53761370226651,12.576,"eu","eu","eu",0.0814,0.1384,0.7152,0.065
"NLA06608-TX:29",10.7534465417983,3.893,"meso","eu","meso",0.0278,0.7036,0.2032,0.0654
"NLA06608-TX:30",31.8418482658832,80.1,"hyper","hyper","hyper",0.0004,0.0144,0.1626,0.8226
"NLA06608-TX:5",15.9380364225799,15.12,"eu","eu","eu",0.0132,0.0856,0.783,0.1182
"NLA06608-WI:LOWES",21.0344957983003,149.04,"hyper","eu","hyper",0.0066,0.066,0.1532,0.7742
"NLA06608-WI:SY",43.995181079869,32.904,"hyper","hyper","hyper",0.0022,0.0386,0.19,0.7692
